Calendar day,sales,complaints
2017-01-01,203.81624818228744,0
2017-01-02,138.45641785302223,0
2017-01-03,140.48513533987878,0
2017-01-04,130.2547757826244,0
2017-01-05,156.3621487077418,0
2017-01-06,218.4046010449191,6
2017-01-07,143.5821553649922,48
2017-01-08,136.0601393873319,7
2017-01-09,146.97138643173435,4
2017-01-10,145.76998006740274,5
2017-01-11,136.64116111524552,3
2017-01-12,132.5724417930447,4
2017-01-13,123.33964828268161,1
2017-01-14,131.90089966478638,4
2017-01-15,121.87690225771446,8
2017-01-16,122.42210694135686,9
2017-01-17,106.37695092893007,18
2017-01-18,104.08587627759547,10
2017-01-19,112.56368211027754,8
2017-01-20,104.87031423166034,6
2017-01-21,105.62578218796855,10
2017-01-22,105.52403171015376,8
2017-01-23,84.86042203526449,8
2017-01-24,97.95424218892276,8
2017-01-25,98.92129752088017,1
2017-01-26,111.36690234500769,6
2017-01-27,114.39940939892753,10
2017-01-28,117.75443629082778,9
2017-01-29,118.23936316047735,5
2017-01-30,127.27776723555039,5
2017-01-31,122.90413753125205,1
2017-02-01,131.29545772274972,9
2017-02-02,136.71474052705574,2
2017-02-03,143.05998607161465,37
2017-02-04,142.72795548623793,8
2017-02-05,144.0430454746699,7
2017-02-06,149.05866017942495,8
2017-02-07,140.02370600532475,1
2017-02-08,141.10094167787884,8
2017-02-09,146.56191113810195,9
2017-02-10,155.54375102279772,4
2017-02-11,138.90980208925725,9
2017-02-12,139.59606148745763,5
2017-02-13,130.05847620121162,4
2017-02-14,117.22387092059593,28
2017-02-15,127.02277293546777,25
2017-02-16,110.2554242692733,2
2017-02-17,114.34412701265867,1
2017-02-18,110.99482688006621,8
2017-02-19,106.36497704070169,8
2017-02-20,100.33094032287059,3
2017-02-21,96.53435601323731,10
2017-02-22,102.99884103831981,6
2017-02-23,92.47644578709401,7
2017-02-24,106.81150441314178,10
2017-02-25,107.66397762227938,54
2017-02-26,116.02657139306177,1
2017-02-27,109.2637004479311,10
2017-02-28,107.64386412011754,3
2017-03-01,122.62352198725875,4
2017-03-02,129.95756904604434,3
2017-03-03,139.72893176140593,2
2017-03-04,137.59696327895253,0
2017-03-05,145.6434970726051,2
2017-03-06,144.16129055901538,49
2017-03-07,151.79639289636202,10
2017-03-08,152.8654412899683,8
2017-03-09,142.79218375609756,51
2017-03-10,145.87406390106622,3
2017-03-11,161.14770810595996,9
2017-03-12,144.56534562779086,1
2017-03-13,141.79328528702246,12
2017-03-14,145.0849679099828,3
2017-03-15,133.53476524648633,2
2017-03-16,132.98302764760092,7
2017-03-17,125.53684142910379,0
2017-03-18,111.88623785584372,0
2017-03-19,110.44877659483215,9
2017-03-20,120.38573803373615,18
2017-03-21,98.11816050705208,10
2017-03-22,100.66623181171487,6
2017-03-23,102.34322574922697,8
2017-03-24,93.33184767055418,9
2017-03-25,108.35690678310446,6
2017-03-26,90.97527657802232,5
2017-03-27,111.34193943156403,7
2017-03-28,107.46336995332283,9
2017-03-29,98.82123383389249,10
2017-03-30,119.41721051967093,0
2017-03-31,131.2815833704528,2
2017-04-01,133.0660750727146,5
2017-04-02,129.26676153236116,1
2017-04-03,126.25459477455675,7
2017-04-04,133.18153968210652,0
2017-04-05,158.3010818136587,6
2017-04-06,142.79279675244325,8
2017-04-07,157.54797653391833,10
2017-04-08,149.23269193923025,10
2017-04-09,148.44176125046846,8
2017-04-10,139.77087854706824,7
2017-04-11,138.06057784234525,5
2017-04-12,134.9782202404879,8
2017-04-13,127.28976634534139,3
2017-04-14,135.85166202610378,7
2017-04-15,129.2586068072747,4
2017-04-16,175.59033538729074,9
2017-04-17,164.89575724945234,10
2017-04-18,110.31917801936582,2
2017-04-19,104.19068967569372,6
2017-04-20,104.15597913033291,58
2017-04-21,106.16595093486374,3
2017-04-22,101.89819394336601,2
2017-04-23,104.54789974470265,10
2017-04-24,95.26936230285611,10
2017-04-25,105.23579130124762,52
2017-04-26,114.04843065980674,6
2017-04-27,104.48972061545442,0
2017-04-28,116.68819100751918,1
2017-04-29,137.34133349060806,2
2017-04-30,145.76214184755887,7
2017-05-01,197.899770522029,9
2017-05-02,137.44784744509136,0
2017-05-03,226.81807583382343,4
2017-05-04,146.50966872926776,0
2017-05-05,141.92109369555445,6
2017-05-06,158.49752414817516,10
2017-05-07,153.19984719645583,2
2017-05-08,137.10243512057878,6
2017-05-09,147.64277025831683,6
2017-05-10,133.15384556573366,13
2017-05-11,158.64846247437987,10
2017-05-12,137.44586257660725,1
2017-05-13,144.01444998305467,9
2017-05-14,136.36393085923245,4
2017-05-15,124.6933046090507,2
2017-05-16,122.58235816471226,6
2017-05-17,106.23660292012381,0
2017-05-18,103.73028703287902,7
2017-05-19,108.58988908327616,1
2017-05-20,104.07388531089313,2
2017-05-21,105.08646087807334,10
2017-05-22,102.83083797224667,1
2017-05-23,101.38612625822195,4
2017-05-24,116.48227445454326,26
2017-05-25,99.73219058418357,8
2017-05-26,98.23299462010596,5
2017-05-27,108.36758275749996,0
2017-05-28,124.62760874454068,9
2017-05-29,128.14177773723927,10
2017-05-30,132.3613572736943,10
2017-05-31,125.4636264301806,8
2017-06-01,131.0268643094801,6
2017-06-02,133.22336077761636,0
2017-06-03,135.43269158511288,4
2017-06-04,226.39734351714108,5
2017-06-05,154.80345808512325,5
2017-06-06,153.67523114805604,20
2017-06-07,154.85414053200012,2
2017-06-08,151.3209947394998,4
2017-06-09,147.63501902918543,8
2017-06-10,140.2687332618948,1
2017-06-11,144.41879580494773,3
2017-06-12,143.84745530087727,4
2017-06-13,146.4715195386309,8
2017-06-14,122.5853750325675,4
2017-06-15,172.72961847888445,5
2017-06-16,109.34187166603961,41
2017-06-17,106.70279355435453,7
2017-06-18,122.46232726380072,5
2017-06-19,106.87446171291877,1
2017-06-20,107.42585642456258,37
2017-06-21,102.15455676192103,10
2017-06-22,115.33882940101194,2
2017-06-23,105.99080065801212,6
2017-06-24,105.95223758439514,25
2017-06-25,104.3123817083838,3
2017-06-26,109.8705768549366,0
2017-06-27,120.69748889322392,1
2017-06-28,137.0172042181785,8
2017-06-29,113.65658527952729,7
2017-06-30,123.95377761095331,10
2017-07-01,140.79787077374442,1
2017-07-02,143.49237564684995,4
2017-07-03,149.7002044833531,2
2017-07-04,130.59899333733074,5
2017-07-05,145.38630153877196,0
2017-07-06,147.45985299033163,7
2017-07-07,140.3980195556365,3
2017-07-08,151.38401428118124,6
2017-07-09,141.949065068629,33
2017-07-10,138.6538288239266,9
2017-07-11,125.62319320710718,3
2017-07-12,143.59217135825995,5
2017-07-13,125.423906407325,2
2017-07-14,131.60924572757912,9
2017-07-15,111.36161385836489,2
2017-07-16,125.91650153932076,10
2017-07-17,112.20772353979218,8
2017-07-18,104.83077668012618,5
2017-07-19,111.82360054223548,7
2017-07-20,109.0401604894344,3
2017-07-21,104.25954867216804,33
2017-07-22,101.83829214188107,24
2017-07-23,98.79405949556178,4
2017-07-24,106.5618245628853,2
2017-07-25,111.84627325029933,9
2017-07-26,121.64815587676985,22
2017-07-27,123.42564131603577,8
2017-07-28,120.73438456578285,18
2017-07-29,115.20089173826098,0
2017-07-30,145.34038959494887,7
2017-07-31,135.0371546348288,2
2017-08-01,136.59369491507277,10
2017-08-02,140.67244573571105,5
2017-08-03,141.26978108310462,8
2017-08-04,155.9577048659386,52
2017-08-05,146.01598680969013,9
2017-08-06,156.66390342748366,6
2017-08-07,155.69790164610382,3
2017-08-08,153.39313385884805,9
2017-08-09,132.02233946796466,7
2017-08-10,144.16359081960772,6
2017-08-11,137.86311557271617,3
2017-08-12,134.30512149894108,0
2017-08-13,127.45231276691322,0
2017-08-14,110.72469853617928,4
2017-08-15,144.77701526870652,4
2017-08-16,117.66004924699602,7
2017-08-17,118.61327386240973,4
2017-08-18,109.74190761311434,6
2017-08-19,102.90481656075285,0
2017-08-20,91.10276819030659,2
2017-08-21,98.82465405016292,17
2017-08-22,101.89869331858736,7
2017-08-23,107.16641614931073,7
2017-08-24,107.55056423426753,9
2017-08-25,90.89140020994328,10
2017-08-26,117.19285541601383,5
2017-08-27,112.92623462685702,9
2017-08-28,122.28612241407592,47
2017-08-29,132.72404022261412,50
2017-08-30,134.57811247747978,9
2017-08-31,130.184071852658,5
2017-09-01,145.99235408568725,8
2017-09-02,149.45932538811985,3
2017-09-03,143.79315055587406,7
2017-09-04,136.66163677829928,0
2017-09-05,150.93339506938742,7
2017-09-06,157.7764358479204,5
2017-09-07,145.40932270801304,10
2017-09-08,160.39801659243,4
2017-09-09,139.0744349385264,2
2017-09-10,136.9791422751324,6
2017-09-11,136.00140290185973,10
2017-09-12,126.86823107937818,1
2017-09-13,113.85840950546516,38
2017-09-14,116.93686074431177,7
2017-09-15,112.24552558464238,3
2017-09-16,113.63250035880004,22
2017-09-17,110.98726658946512,0
2017-09-18,96.07560460404771,0
2017-09-19,106.90146532521335,10
2017-09-20,103.15677980893443,3
2017-09-21,99.1018783745318,10
2017-09-22,109.9272952554279,8
2017-09-23,116.72598213823065,4
2017-09-24,95.56788073800912,2
2017-09-25,107.9253592641558,9
2017-09-26,126.77376949949358,1
2017-09-27,132.27878566946825,42
2017-09-28,136.7746684014354,2
2017-09-29,135.00884506515243,0
2017-09-30,133.47177823008093,6
2017-10-01,150.70373347911513,0
2017-10-02,143.74969851877108,5
2017-10-03,148.86726654599255,1
2017-10-04,145.6861086967629,1
2017-10-05,140.63140014590732,0
2017-10-06,147.32152966093108,26
2017-10-07,149.32967858354442,24
2017-10-08,142.93171295351695,20
2017-10-09,132.10083648918553,0
2017-10-10,141.59081278880183,0
2017-10-11,128.34456253425753,3
2017-10-12,130.58490830361106,2
2017-10-13,119.71028365047512,7
2017-10-14,121.6703245214082,4
2017-10-15,103.83200872201301,3
2017-10-16,108.00880582281205,7
2017-10-17,103.16014968696133,4
2017-10-18,97.13806382399547,8
2017-10-19,91.73293774923253,2
2017-10-20,96.71612944323677,1
2017-10-21,101.81809352366172,9
2017-10-22,94.21431414675284,6
2017-10-23,111.47155049643192,2
2017-10-24,101.21237057696929,5
2017-10-25,118.12972108548566,3
2017-10-26,116.97451384727346,4
2017-10-27,129.77360497136175,28
2017-10-28,123.19123987773115,23
2017-10-29,135.79244074395712,1
2017-10-30,134.2862423236606,4
2017-10-31,139.75161805034173,2
2017-11-01,201.96596077124767,4
2017-11-02,155.49401326594344,1
2017-11-03,148.00390954958735,10
2017-11-04,144.71770338217195,44
2017-11-05,149.92829174808924,0
2017-11-06,143.62568885531323,5
2017-11-07,147.10984152656013,5
2017-11-08,134.9695065140204,28
2017-11-09,131.24559507959145,1
2017-11-10,127.27711072606839,8
2017-11-11,186.8010070647673,2
2017-11-12,123.83867124433206,7
2017-11-13,115.53074968774479,2
2017-11-14,121.56357460729387,6
2017-11-15,109.9437746261836,7
2017-11-16,96.7651894418061,8
2017-11-17,109.64329240666551,7
2017-11-18,107.59964555959066,1
2017-11-19,111.58049845912939,3
2017-11-20,105.30456942582283,7
2017-11-21,91.41999110343873,0
2017-11-22,110.68733805097575,1
2017-11-23,107.40707182785852,10
2017-11-24,109.82538780288142,9
2017-11-25,121.01545362011285,48
2017-11-26,124.22840258230987,3
2017-11-27,145.3056902240176,6
2017-11-28,144.53877897238888,0
2017-11-29,136.1651039969468,36
2017-11-30,143.0232685980298,6
2017-12-01,143.75446699117992,9
2017-12-02,146.85688245664196,7
2017-12-03,158.60851561942243,4
2017-12-04,144.28578039610187,10
2017-12-05,145.07690051769148,23
2017-12-06,155.0961152009025,4
2017-12-07,141.2639739192184,5
2017-12-08,137.76243705321892,3
2017-12-09,140.94411353009554,30
2017-12-10,129.07775804731386,4
2017-12-11,129.14998197032443,9
2017-12-12,108.24527613316552,3
2017-12-13,111.0211681285351,6
2017-12-14,111.86459766944715,8
2017-12-15,105.3191344937919,4
2017-12-16,105.63391557816223,5
2017-12-17,92.53746949909517,2
2017-12-18,101.82594500355707,1
2017-12-19,99.0179404936971,9
2017-12-20,103.96291188418198,8
2017-12-21,104.87217442057208,5
2017-12-22,121.45580484431403,6
2017-12-23,108.53502358702595,7
2017-12-24,118.65382737252307,5
2017-12-25,186.42136792298217,0
2017-12-26,198.0898534604017,2
2017-12-27,134.12675084898763,0
2017-12-28,140.94637502687198,43
2017-12-29,128.11135454677643,6
2017-12-30,148.6385507705574,0
2017-12-31,158.26505399059275,1
2018-01-01,220.39618813191737,1
2018-01-02,148.63086500471627,10
2018-01-03,163.4090761787141,54
2018-01-04,157.06910822278445,0
2018-01-05,134.79161594446663,10
2018-01-06,216.27055458417917,3
2018-01-07,135.18695501508017,9
2018-01-08,144.87485348764488,1
2018-01-09,138.6533496035143,5
2018-01-10,122.60816547030716,5
2018-01-11,118.82962607899616,10
2018-01-12,123.75919668267855,7
2018-01-13,104.58026550179056,2
2018-01-14,109.10506429857224,2
2018-01-15,114.33983462010833,2
2018-01-16,93.3470923223321,6
2018-01-17,105.26512806200166,7
2018-01-18,104.5106488205171,3
2018-01-19,110.00457995278822,7
2018-01-20,97.30390135948868,9
2018-01-21,104.98508209469587,56
2018-01-22,106.04473899840963,1
2018-01-23,104.21668986393517,55
2018-01-24,123.86940514062718,10
2018-01-25,114.1410471730138,9
2018-01-26,138.53693825483543,1
2018-01-27,123.76363183909896,8
2018-01-28,143.8423629165586,5
2018-01-29,131.1833225681623,0
2018-01-30,145.84979293499129,8
2018-01-31,149.43012975048617,10
2018-02-01,139.5090247957964,6
2018-02-02,152.45637318965404,7
2018-02-03,154.0725810792642,7
2018-02-04,146.53955683342218,17
2018-02-05,138.3810056860797,2
2018-02-06,130.67634987043718,4
2018-02-07,131.1011326972423,39
2018-02-08,131.67023245369302,10
2018-02-09,123.06857109198012,9
2018-02-10,124.86608347214792,3
2018-02-11,108.68109871347257,5
2018-02-12,107.65945578708043,9
2018-02-13,105.92524832062078,5
2018-02-14,108.02788270928518,7
2018-02-15,99.75399735775774,16
2018-02-16,104.03940376869143,3
2018-02-17,92.29305939982324,3
2018-02-18,106.62387115534263,5
2018-02-19,109.2403953249238,3
2018-02-20,113.26839322059625,4
2018-02-21,111.54556992591989,6
2018-02-22,113.53254736808593,5
2018-02-23,113.00334916656377,48
2018-02-24,134.4020584455052,42
2018-02-25,136.43447273899062,43
2018-02-26,130.12407108683303,7
2018-02-27,133.942975181166,26
2018-02-28,149.81084810239264,1
2018-03-01,147.56254537227838,2
2018-03-02,145.98918489786723,3
2018-03-03,152.8090483641241,1
2018-03-04,146.88209813642618,8
2018-03-05,137.62313862512383,27
2018-03-06,141.0380874039159,3
2018-03-07,145.97908721440052,2
2018-03-08,145.93092172370342,4
2018-03-09,134.52901408565327,5
2018-03-10,124.55746917769625,1
2018-03-11,123.81402418951001,4
2018-03-12,124.80953116543071,3
2018-03-13,120.1913373444412,7
2018-03-14,113.31208092592708,7
2018-03-15,100.37761160716184,4
2018-03-16,94.92280358876529,0
2018-03-17,106.32824097973895,1
2018-03-18,98.26593603739538,6
2018-03-19,103.57155879091928,4
2018-03-20,100.8463692203361,54
2018-03-21,112.05860430017103,8
2018-03-22,97.49555495100351,0
2018-03-23,113.59322455593384,10
2018-03-24,120.49620760233184,9
2018-03-25,114.77672388494373,10
2018-03-26,122.16652901363706,8
2018-03-27,141.35053650519112,3
2018-03-28,144.4331042874783,32
2018-03-29,144.7501867749343,10
2018-03-30,138.10814895125552,5
2018-03-31,150.90325586407508,4
2018-04-01,242.83617349047398,2
2018-04-02,229.80179282086476,8
2018-04-03,139.39089053202227,5
2018-04-04,147.57462219403092,0
2018-04-05,144.00864139566232,6
2018-04-06,147.64448379804605,2
2018-04-07,151.48624372312207,1
2018-04-08,134.78036114975572,3
2018-04-09,146.3064922162108,7
2018-04-10,129.38686898080994,3
2018-04-11,117.30972420753311,2
2018-04-12,106.58554768028023,6
2018-04-13,110.88117320717627,9
2018-04-14,103.76235663627487,7
2018-04-15,115.99911171539193,1
2018-04-16,110.75046437469585,0
2018-04-17,95.67010483039066,5
2018-04-18,95.75056878429503,28
2018-04-19,98.12356790548549,8
2018-04-20,107.9130273210122,10
2018-04-21,111.96547697821809,7
2018-04-22,106.02836323561738,1
2018-04-23,121.50753627719871,9
2018-04-24,120.09852702223408,3
2018-04-25,128.97307215761762,4
2018-04-26,125.00196082463083,0
2018-04-27,132.95625210790723,5
2018-04-28,140.3740131480621,3
2018-04-29,144.5910158671643,7
2018-04-30,140.81881432233206,10
2018-05-01,229.1958446085598,4
2018-05-02,147.95947536361044,2
2018-05-03,224.92694784999702,5
2018-05-04,137.55849006561894,0
2018-05-05,146.24583771896272,2
2018-05-06,144.05957417706236,7
2018-05-07,141.66170657876634,0
2018-05-08,125.13979082380708,0
2018-05-09,128.66361947959334,10
2018-05-10,122.81570836424619,0
2018-05-11,118.0156228069955,10
2018-05-12,119.99311345125157,3
2018-05-13,111.38407149601287,2
2018-05-14,111.66602017367055,2
2018-05-15,113.41431728708704,6
2018-05-16,103.48598537387198,6
2018-05-17,90.32952978548794,8
2018-05-18,94.68938590936999,10
2018-05-19,102.90970983977428,0
2018-05-20,173.29985370959685,1
2018-05-21,114.2869895237375,6
2018-05-22,107.34648228388292,8
2018-05-23,126.67613167935173,10
2018-05-24,123.53528078186793,27
2018-05-25,129.4526526085315,2
2018-05-26,132.7978182292016,0
2018-05-27,127.60344899722958,2
2018-05-28,143.44490785039454,10
2018-05-29,150.21867038395672,1
2018-05-30,141.37041921004368,9
2018-05-31,221.8325999442028,10
2018-06-01,145.98501056441683,2
2018-06-02,146.41008219888158,0
2018-06-03,142.3591069762846,18
2018-06-04,146.96412659663363,35
2018-06-05,136.73322372142985,10
2018-06-06,149.12108875424443,3
2018-06-07,143.4870638816893,2
2018-06-08,135.51942523637965,6
2018-06-09,121.03151177569937,7
2018-06-10,114.70433432448354,0
2018-06-11,129.51642004749675,4
2018-06-12,112.17949336491765,0
2018-06-13,103.1137068967078,9
2018-06-14,103.41761800200196,45
2018-06-15,100.75290541682153,1
2018-06-16,100.64373364361265,34
2018-06-17,98.99389362121758,0
2018-06-18,99.20211657513117,10
2018-06-19,122.49316555252152,4
2018-06-20,101.14812346320494,3
2018-06-21,112.45885925976049,8
2018-06-22,113.35332342462151,4
2018-06-23,121.60746205331259,9
2018-06-24,129.51133424044235,3
2018-06-25,128.93232748830837,8
2018-06-26,122.52319175393936,5
2018-06-27,134.99152454281364,2
2018-06-28,159.0909453616658,0
2018-06-29,141.8615039103486,0
2018-06-30,145.67986763345715,5
2018-07-01,155.57098967604094,10
2018-07-02,147.26798071450452,7
2018-07-03,161.63012824615402,9
2018-07-04,151.15045947466828,21
2018-07-05,149.72107448279382,27
2018-07-06,142.5362214435893,5
2018-07-07,144.8358034043211,7
2018-07-08,132.56282956985567,10
2018-07-09,117.20378970796665,4
2018-07-10,122.18683540272706,40
2018-07-11,122.25135027192533,4
2018-07-12,119.44447678125596,2
2018-07-13,108.998891510559,1
2018-07-14,103.64180693313891,2
2018-07-15,99.38453260802561,8
2018-07-16,99.87818176051672,8
2018-07-17,117.47048604198187,6
2018-07-18,95.89608677958512,31
2018-07-19,107.96499980436066,4
2018-07-20,110.74880790064626,8
2018-07-21,110.5677193226838,5
2018-07-22,111.07149604612871,6
2018-07-23,119.03733386173718,0
2018-07-24,134.47127842359944,2
2018-07-25,129.7512692416038,9
2018-07-26,140.01225079525565,7
2018-07-27,136.17827225094732,8
2018-07-28,142.9738081901695,10
2018-07-29,153.5360459561145,3
2018-07-30,146.58810276730023,5
2018-07-31,155.50087936688166,2
2018-08-01,140.98593043499602,10
2018-08-02,154.36634787574667,32
2018-08-03,147.9776839759002,9
2018-08-04,144.7317633347685,4
2018-08-05,142.8827005233913,44
2018-08-06,140.83318575597795,3
2018-08-07,137.78557308883614,7
2018-08-08,123.97859411746394,1
2018-08-09,123.16961484029173,2
2018-08-10,110.86329582246312,1
2018-08-11,125.18255833427018,10
2018-08-12,104.99423677523369,4
2018-08-13,96.1017926555363,5
2018-08-14,93.77488923312102,1
2018-08-15,145.980012788271,33
2018-08-16,115.92601028173515,3
2018-08-17,106.74504309008735,6
2018-08-18,113.25641925777425,10
2018-08-19,113.00115684062756,6
2018-08-20,119.02443227521562,0
2018-08-21,94.25108031750472,5
2018-08-22,129.52854090166798,2
2018-08-23,125.84301513592094,4
2018-08-24,131.2316281034683,0
2018-08-25,131.5656627389887,8
2018-08-26,127.69777238000236,1
2018-08-27,137.55133042970422,5
2018-08-28,142.21553248028795,1
2018-08-29,151.6449719122065,1
2018-08-30,134.66399384039644,18
2018-08-31,146.41126029369116,5
2018-09-01,153.0731828536476,2
2018-09-02,146.52550947958477,10
2018-09-03,145.84558521974728,10
2018-09-04,154.05187819133116,2
2018-09-05,135.9352519928655,4
2018-09-06,138.20164458837272,2
2018-09-07,132.83988828302114,2
2018-09-08,122.6439903577656,10
2018-09-09,113.89141463957041,0
2018-09-10,117.4800896905826,53
2018-09-11,96.00222004271284,10
2018-09-12,94.82816530779068,2
2018-09-13,109.22454176631918,9
2018-09-14,105.85757001678199,1
2018-09-15,101.21181106138243,4
2018-09-16,90.25425368617817,4
2018-09-17,88.45385113645335,4
2018-09-18,99.82908056316231,8
2018-09-19,110.41461941675308,2
2018-09-20,119.7849316480241,7
2018-09-21,128.7712039569966,0
2018-09-22,125.20129828854458,2
2018-09-23,126.1651071001155,0
2018-09-24,136.32464603917433,5
2018-09-25,147.08219330652827,1
2018-09-26,147.74321465000259,7
2018-09-27,148.58915807017553,7
2018-09-28,144.61045856314445,5
2018-09-29,145.11038995474743,2
2018-09-30,140.90464919409732,23
2018-10-01,162.7340428196457,8
2018-10-02,141.2705971913144,1
2018-10-03,151.21335888581172,9
2018-10-04,149.70799177683745,7
2018-10-05,136.57300258875065,6
2018-10-06,133.2248871157674,10
2018-10-07,129.8043654455146,5
2018-10-08,121.23307019944896,2
2018-10-09,116.25726322881326,0
2018-10-10,108.20258125823808,9
2018-10-11,105.97197952210195,6
2018-10-12,111.81025235764781,4
2018-10-13,102.72843275188228,0
2018-10-14,108.85646974578331,2
2018-10-15,103.96061017235449,1
2018-10-16,94.91314843074103,7
2018-10-17,92.67942466409195,9
2018-10-18,109.46096008701225,10
2018-10-19,110.63267887974992,7
2018-10-20,107.67008706100204,0
2018-10-21,140.61705509996077,4
2018-10-22,123.8417659031938,22
2018-10-23,129.3655793995071,12
2018-10-24,151.69932568767612,2
2018-10-25,130.6776036855509,10
2018-10-26,134.80583975982302,5
2018-10-27,144.49273248199373,8
2018-10-28,155.8159725960187,7
2018-10-29,155.9265139399051,0
2018-10-30,152.26599375427955,6
2018-10-31,147.21367818445694,47
2018-11-01,227.56823323423967,1
2018-11-02,151.10603596916235,1
2018-11-03,136.07154638457718,1
2018-11-04,134.60228794493153,0
2018-11-05,137.8726132773286,8
2018-11-06,124.62810020441424,4
2018-11-07,119.28839492592289,0
2018-11-08,102.51940057060149,2
2018-11-09,103.47941513446614,2
2018-11-10,97.5724346394462,2
2018-11-11,164.34386368749523,3
2018-11-12,150.17696912592476,9
2018-11-13,95.37967036933749,0
2018-11-14,95.64933416016534,10
2018-11-15,110.3262670909409,0
2018-11-16,108.77182013628268,10
2018-11-17,122.88401443263953,2
2018-11-18,114.42017835568664,5
2018-11-19,113.2435522772887,6
2018-11-20,124.07617399746456,9
2018-11-21,130.59081610789866,9
2018-11-22,133.7871345791046,2
2018-11-23,144.87551657664724,0
2018-11-24,138.91918636984528,2
2018-11-25,147.98594988347227,30
2018-11-26,151.28494480501845,21
2018-11-27,153.01605735013283,1
2018-11-28,151.94339364079443,2
2018-11-29,141.40959052775466,10
2018-11-30,144.77739993250006,0
2018-12-01,152.55578818138864,9
2018-12-02,147.3142535433234,5
2018-12-03,132.47016873418212,2
2018-12-04,148.93319773928644,3
2018-12-05,124.30441625061889,1
2018-12-06,119.08209269180709,9
2018-12-07,124.17514567222604,1
2018-12-08,122.3307178160416,6
2018-12-09,120.64215368646177,6
2018-12-10,106.53399460752613,6
2018-12-11,103.46523557126118,7
2018-12-12,100.765587331927,35
2018-12-13,101.06458339930595,4
2018-12-14,101.63169217745268,5
2018-12-15,96.97232724282618,9
2018-12-16,102.12561551199269,7
2018-12-17,101.80229495713783,34
2018-12-18,102.22399596126304,6
2018-12-19,124.62029967691618,1
2018-12-20,112.95096793372484,0
2018-12-21,124.1489821233525,42
2018-12-22,119.50506544216907,6
2018-12-23,137.20396465015676,1
2018-12-24,144.9962205593994,9
2018-12-25,213.9022600209019,2
2018-12-26,209.3946503161087,6
2018-12-27,129.49482605547487,4
2018-12-28,161.22446348025747,1
2018-12-29,151.49622291692017,5
2018-12-30,161.33609906552005,5
2018-12-31,152.43162505227428,10
2019-01-01,190.7223645610112,0
2019-01-02,142.23047717260766,4
2019-01-03,138.70008735585378,9
2019-01-04,131.40300172090917,6
2019-01-05,121.88721699474729,4
2019-01-06,197.39248205702745,0
2019-01-07,119.53272481209957,4
2019-01-08,107.08398426670765,3
2019-01-09,108.09655389619455,2
2019-01-10,99.7054995207151,5
2019-01-11,102.69498006579667,6
2019-01-12,108.80898112169326,21
2019-01-13,116.67057831513996,6
2019-01-14,101.07277989996615,8
2019-01-15,101.08485846928505,2
2019-01-16,116.68676244093193,21
2019-01-17,105.44651060739756,7
2019-01-18,103.94100788720375,9
2019-01-19,115.0145954901981,5
2019-01-20,120.04256686132294,6
2019-01-21,122.48548247751386,4
2019-01-22,138.61630490385627,5
2019-01-23,137.22364630629306,5
2019-01-24,154.97502558243215,2
2019-01-25,149.472574055505,8
2019-01-26,140.34656174867385,6
2019-01-27,143.14625286242503,7
2019-01-28,148.13694018669483,6
2019-01-29,147.52671311426127,1
2019-01-30,155.2187517349793,2
2019-01-31,144.5475574535752,9
2019-02-01,124.69069390562198,8
2019-02-02,142.7460165904385,10
2019-02-03,131.55078719030618,9
2019-02-04,131.01994541508577,8
2019-02-05,132.06771142861518,9
2019-02-06,124.6169618963997,1
2019-02-07,110.97015381804546,0
2019-02-08,102.4984805649691,5
2019-02-09,98.50046318565647,7
2019-02-10,98.74255998964001,10
2019-02-11,97.24794136318631,9
2019-02-12,94.08847079891218,10
2019-02-13,108.78608680867586,3
2019-02-14,109.69160031898542,8
2019-02-15,93.66422003426882,1
2019-02-16,113.96045417153495,8
2019-02-17,120.50978874992394,22
2019-02-18,121.0413459241179,8
2019-02-19,118.10299162541477,10
2019-02-20,128.47510163729217,10
2019-02-21,138.4511539386397,0
2019-02-22,138.24864058495723,6
2019-02-23,144.9519374932329,7
2019-02-24,142.70624373559247,6
2019-02-25,140.66494722086452,1
2019-02-26,138.0080262395408,6
2019-02-27,141.36659339098122,8
2019-02-28,144.2107433765582,0
2019-03-01,152.13812031054218,1
2019-03-02,149.5286141149991,8
2019-03-03,132.39152818303768,10
2019-03-04,140.3096529710445,4
2019-03-05,120.46646394562445,8
2019-03-06,127.18934333444062,4
2019-03-07,113.14185691991563,2
2019-03-08,127.18669633271412,1
2019-03-09,93.69580198746472,9
2019-03-10,99.28479465494193,48
2019-03-11,99.91730073633255,3
2019-03-12,105.35977976951328,4
2019-03-13,108.60020585533215,1
2019-03-14,105.39901193346039,0
2019-03-15,87.76100835770268,2
2019-03-16,111.01726296558967,38
2019-03-17,105.69166123082638,8
2019-03-18,94.04715601071702,9
2019-03-19,114.57566339517142,1
2019-03-20,123.06764186020615,8
2019-03-21,126.63911712282058,5
2019-03-22,134.73293558386018,34
2019-03-23,147.67441430757785,7
2019-03-24,143.79226426285115,4
2019-03-25,135.26846231148824,0
2019-03-26,146.17299669885483,8
2019-03-27,148.62930359895276,47
2019-03-28,146.0690545012435,6
2019-03-29,155.9878867289759,5
2019-03-30,148.22791743272865,2
2019-03-31,152.00104708987226,3
2019-04-01,140.80552551282705,7
2019-04-02,156.52294584625838,5
2019-04-03,125.66559066594235,9
2019-04-04,130.6621457107202,1
2019-04-05,134.8250961140799,8
2019-04-06,130.28292715458713,3
2019-04-07,111.707830144396,5
2019-04-08,117.5041625818781,5
2019-04-09,113.2098569418492,5
2019-04-10,99.82597135240037,4
2019-04-11,96.82068350156113,7
2019-04-12,98.59564642473724,1
2019-04-13,104.58630045520847,5
2019-04-14,107.80537711406872,2
2019-04-15,111.98122934777139,5
2019-04-16,116.07856412642136,1
2019-04-17,119.92450615480796,6
2019-04-18,120.09919843027846,7
2019-04-19,111.51970858721364,9
2019-04-20,129.08908554929013,3
2019-04-21,195.22631010317122,8
2019-04-22,229.86833069538355,3
2019-04-23,133.89937831050818,50
2019-04-24,143.52239004384654,5
2019-04-25,139.38164827497678,3
2019-04-26,138.70637448854092,6
2019-04-27,156.7576340379649,9
2019-04-28,159.00597967885204,28
2019-04-29,144.0200194381725,5
2019-04-30,142.85843640411153,2
2019-05-01,215.1457471667745,17
2019-05-02,144.89724858882553,0
2019-05-03,198.62770990634613,0
2019-05-04,134.55440228978912,9
2019-05-05,118.09300518749826,42
2019-05-06,116.46018037802557,3
2019-05-07,113.29221501519834,8
2019-05-08,111.46338498892696,27
2019-05-09,118.84458424084406,3
2019-05-10,101.31989162055801,6
2019-05-11,107.11404817606804,0
2019-05-12,95.94943348796592,6
2019-05-13,98.18115825713025,0
2019-05-14,95.52904830291641,36
2019-05-15,115.94069272295768,5
2019-05-16,113.03314954962859,10
2019-05-17,110.33436386203905,2
2019-05-18,111.11186995357984,1
2019-05-19,136.06263052024815,1
2019-05-20,129.17161151657118,23
2019-05-21,131.95605794979943,9
2019-05-22,123.18830340143757,2
2019-05-23,127.90742726915285,9
2019-05-24,137.46727503174307,5
2019-05-25,146.90573411047947,8
2019-05-26,150.93431322522653,8
2019-05-27,152.93853759173533,7
2019-05-28,143.33444344410105,7
2019-05-29,143.5048200623057,7
2019-05-30,144.5985934485992,2
2019-05-31,132.83309690090923,48
2019-06-01,144.4089773224915,5
2019-06-02,134.09186525992197,3
2019-06-03,141.40723039754084,5
2019-06-04,115.77756913273642,16
2019-06-05,118.7959901415866,8
2019-06-06,128.54906258886285,7
2019-06-07,95.6600573587044,3
2019-06-08,105.07575252627095,7
2019-06-09,150.74192382434362,7
2019-06-10,98.42785457578447,10
2019-06-11,95.00465603907101,2
2019-06-12,115.2016079304188,8
2019-06-13,99.00586423595142,3
2019-06-14,118.21567800673289,8
2019-06-15,113.8013718848566,1
2019-06-16,97.40198335673294,2
2019-06-17,113.06914922506807,5
2019-06-18,126.16171489832882,2
2019-06-19,131.5014965398049,7
2019-06-20,182.44173802277274,3
2019-06-21,143.52347053254275,3
2019-06-22,143.86690389959878,0
2019-06-23,142.89203230126253,5
2019-06-24,149.85057344693018,10
2019-06-25,154.09875854362863,3
2019-06-26,157.52672911888766,2
2019-06-27,146.4667098826675,8
2019-06-28,147.25210489340472,9
2019-06-29,137.7218031360556,2
2019-06-30,147.03678974710664,9
2019-07-01,150.46323617129067,10
2019-07-02,134.9817718986916,3
2019-07-03,138.62125651009208,0
2019-07-04,127.52393174380438,9
2019-07-05,125.12365809269863,8
2019-07-06,125.97058491635309,18
2019-07-07,110.74180466954842,3
2019-07-08,108.74561534408477,10
2019-07-09,103.5973435114319,10
2019-07-10,109.29988666634723,8
2019-07-11,102.95621250360982,10
2019-07-12,83.81664433751185,4
2019-07-13,102.71471800628703,5
2019-07-14,114.94086261320642,3
2019-07-15,111.18426964026152,8
2019-07-16,108.76163254918175,7
2019-07-17,119.57357108849044,10
2019-07-18,127.19455331057675,31
2019-07-19,125.20420760642213,1
2019-07-20,127.00557087799221,6
2019-07-21,129.18691314985662,8
2019-07-22,147.5977639892078,5
2019-07-23,141.51882884194956,0
2019-07-24,146.0417451427152,1
2019-07-25,147.01263740063737,9
2019-07-26,146.25535124329895,6
2019-07-27,142.65708891016658,28
2019-07-28,145.5409961267057,8
2019-07-29,149.10973419679047,7
2019-07-30,142.1536616536384,8
2019-07-31,136.46168236915383,1
2019-08-01,131.82537678472818,7
2019-08-02,126.20740340370436,3
2019-08-03,126.66858745057301,5
2019-08-04,111.83839439480974,0
2019-08-05,111.1764800752836,3
2019-08-06,119.83666043166112,0
2019-08-07,108.0158214710696,8
2019-08-08,99.85629082117738,7
2019-08-09,101.00621571940832,9
2019-08-10,107.17720282495725,3
2019-08-11,100.13899582902977,8
2019-08-12,102.03397176784642,3
2019-08-13,105.10215943472043,4
2019-08-14,106.38695154596766,0
2019-08-15,192.86351171433844,10
2019-08-16,121.50651572639731,50
2019-08-17,114.4775887447539,7
2019-08-18,123.44527562552308,6
2019-08-19,127.64697624704911,0
2019-08-20,122.30635458596313,9
2019-08-21,137.72453470000733,2
2019-08-22,131.0931528052898,0
2019-08-23,144.62364608404422,6
2019-08-24,146.22662476154508,10
2019-08-25,156.55165557155038,6
2019-08-26,141.02420222964284,4
2019-08-27,153.99520239145494,10
2019-08-28,143.657088008373,8
2019-08-29,143.0197199194409,5
2019-08-30,135.81898765607696,0
2019-08-31,129.324976816765,7
2019-09-01,125.25848992471438,10
2019-09-02,121.30742736383955,5
2019-09-03,112.62172791413373,1
2019-09-04,128.97208148161053,6
2019-09-05,110.01099042017181,1
2019-09-06,113.9362490286885,1
2019-09-07,100.89089765712863,9
2019-09-08,110.81447720240406,0
2019-09-09,105.61501840757761,3
2019-09-10,86.45271732184275,8
2019-09-11,100.26674417759679,3
2019-09-12,110.21977151808444,10
2019-09-13,108.60481527875055,6
2019-09-14,104.66595756896683,7
2019-09-15,108.65564445901431,4
2019-09-16,130.9282025182401,5
2019-09-17,135.18951061427396,8
2019-09-18,139.49053423513595,3
2019-09-19,124.03365296758749,5
2019-09-20,138.1725988830673,4
2019-09-21,144.88269241092485,30
2019-09-22,160.06229508738647,4
2019-09-23,143.9440336686649,54
2019-09-24,155.34869438789138,0
2019-09-25,140.40394373455203,1
2019-09-26,152.02476033699557,4
2019-09-27,130.17747032515933,8
2019-09-28,129.65374794512465,49
2019-09-29,135.9431150083156,8
2019-09-30,128.91444436050693,40
2019-10-01,127.84131393403665,5
2019-10-02,130.7455340612231,3
2019-10-03,119.09380370363175,10
2019-10-04,103.22757034630037,10
2019-10-05,109.74261191278113,10
2019-10-06,115.5931884247989,1
2019-10-07,100.77428748206245,10
2019-10-08,111.60225963048514,8
2019-10-09,95.04015841842136,29
2019-10-10,109.9436076213339,8
2019-10-11,112.42734801633127,43
2019-10-12,96.92137519330034,6
2019-10-13,107.4017569700254,3
2019-10-14,112.6938826914828,5
2019-10-15,109.75106443829192,8
2019-10-16,105.49267355164262,7
2019-10-17,126.59389565347391,6
2019-10-18,131.75485866020563,48
2019-10-19,132.53079435877297,21
2019-10-20,129.42296536429285,25
2019-10-21,144.56149159503966,2
2019-10-22,147.80934492100363,0
2019-10-23,145.33063241897497,5
2019-10-24,161.95067836201804,1
2019-10-25,154.92523265064702,7
2019-10-26,150.4647173345305,6
2019-10-27,139.67998222296688,0
2019-10-28,149.88297781090216,8
2019-10-29,136.12453152417885,3
2019-10-30,144.85760720002312,4
2019-10-31,138.09886112649536,2
2019-11-01,191.24914298034585,4
2019-11-02,120.34711073369145,2
2019-11-03,119.67126150010876,6
2019-11-04,107.57088481219122,2
2019-11-05,107.97443996827603,8
2019-11-06,87.83660778054372,9
2019-11-07,98.3547454265687,3
2019-11-08,102.63090840968832,4
2019-11-09,96.67845578830612,0
2019-11-10,114.24366878882863,23
2019-11-11,184.27812780041302,6
2019-11-12,99.08973930000936,3
2019-11-13,109.8514972657059,8
2019-11-14,112.76882773797693,2
2019-11-15,125.56336143861134,23
2019-11-16,134.23827486639217,0
2019-11-17,123.1198409577209,3
2019-11-18,124.9068341746314,7
2019-11-19,141.43411842614518,6
2019-11-20,160.49018582771117,10
2019-11-21,141.91330245887187,1
2019-11-22,147.54969123616866,2
2019-11-23,152.76809368394422,3
2019-11-24,146.25765253740633,0
2019-11-25,144.93948559555227,1
2019-11-26,142.78488892130602,3
2019-11-27,132.92801137374636,10
2019-11-28,136.75481401858653,10
2019-11-29,143.13398342018488,23
2019-11-30,122.6202625189925,5
2019-12-01,124.0642491020032,5
2019-12-02,123.4702580097157,4
2019-12-03,122.54309331793702,4
2019-12-04,108.59803945245442,7
2019-12-05,102.04655143316332,3
2019-12-06,105.90358457647108,5
2019-12-07,112.99681304135403,7
2019-12-08,103.62492625577048,4
2019-12-09,109.65313200576885,5
2019-12-10,109.54676247173211,10
2019-12-11,103.700655949585,6
2019-12-12,99.97381785380425,8
2019-12-13,113.89941209375169,9
2019-12-14,115.38197645313375,3
2019-12-15,125.13349440397732,4
2019-12-16,125.83817024634592,8
2019-12-17,142.0360051717218,9
2019-12-18,147.12805189008392,8
2019-12-19,135.8444414439003,8
2019-12-20,147.61591963413326,10
2019-12-21,139.9226906638554,5
2019-12-22,168.9974981536472,4
2019-12-23,152.13345608996934,10
2019-12-24,144.5446906882696,3
2019-12-25,198.01040403226773,7
2019-12-26,215.0650191714515,0
2019-12-27,145.46634114637422,1
2019-12-28,143.93552785697315,0
2019-12-29,133.1845038667177,3
2019-12-30,128.93392129193413,2
2019-12-31,121.14715222112113,10
2020-01-01,181.82555288163337,15
2020-01-02,108.73236561769347,0
2020-01-03,113.15102486851322,2
2020-01-04,104.16315173001053,4
2020-01-05,110.13516739903478,3
2020-01-06,146.2194005179538,7
2020-01-07,105.92194297771637,42
2020-01-08,107.18791826560225,1
2020-01-09,96.42148599193952,46
2020-01-10,101.56327380901607,4
2020-01-11,99.04282712692621,3
2020-01-12,115.3518387390218,6
2020-01-13,109.40822908192386,2
2020-01-14,116.6651039603718,7
2020-01-15,131.67085604733043,9
2020-01-16,130.7355482995329,6
2020-01-17,136.70489689384036,3
2020-01-18,134.55063243009795,0
2020-01-19,154.00015205019056,27
2020-01-20,150.73890800537734,37
2020-01-21,158.7022882091787,5
2020-01-22,140.67611115438544,10
2020-01-23,132.44439345655226,9
2020-01-24,159.13114855681735,0
2020-01-25,144.6101334428875,2
2020-01-26,144.4269668797398,10
2020-01-27,145.24330645586443,7
2020-01-28,134.19313756187822,9
2020-01-29,117.81891484966748,4
2020-01-30,126.36303580498083,1
2020-01-31,114.47755016679655,2
2020-02-01,110.95832450749272,8
2020-02-02,110.55758803158402,6
2020-02-03,107.77451108614657,6
2020-02-04,99.93929632331408,9
2020-02-05,109.76805160869749,2
2020-02-06,101.64757473452212,1
2020-02-07,113.14507360073367,1
2020-02-08,95.55464080288866,7
2020-02-09,110.69007457668444,1
2020-02-10,112.85334168133299,6
2020-02-11,113.07249255039386,1
2020-02-12,107.80923612289509,8
2020-02-13,128.78964414403663,49
2020-02-14,120.43598272258274,0
2020-02-15,134.49651730104065,2
2020-02-16,137.08759890817345,6
2020-02-17,139.5918706615318,7
2020-02-18,153.03601304054465,5
2020-02-19,158.4792389511562,37
2020-02-20,142.2023950261285,10
2020-02-21,158.4007741212403,39
2020-02-22,149.86292182833273,35
2020-02-23,151.1431449717229,2
2020-02-24,148.71313953542412,4
2020-02-25,139.2330151176655,46
2020-02-26,135.36529564462552,8
2020-02-27,133.13490164115908,2
2020-02-28,126.92442057428545,9
2020-02-29,117.71028803085923,1
2020-03-01,119.19091649469402,4
2020-03-02,117.30193866268122,3
2020-03-03,112.15117339631115,0
2020-03-04,112.09256641906465,0
2020-03-05,101.30295659852418,1
2020-03-06,97.08422554337722,10
2020-03-07,91.38703649207058,2
2020-03-08,96.46588221482719,8
2020-03-09,103.75199689788258,1
2020-03-10,104.91799306415338,0
2020-03-11,102.76557168656568,5
2020-03-12,113.61107388600271,5
2020-03-13,116.38102755866439,24
2020-03-14,116.15915551525924,4
2020-03-15,118.7892928657659,10
2020-03-16,131.34432343882017,8
2020-03-17,134.1326491216521,1
2020-03-18,134.7965434792264,6
2020-03-19,142.67213564046165,8
2020-03-20,155.01716883480958,6
2020-03-21,150.5328351111836,3
2020-03-22,161.654015462851,6
2020-03-23,145.04708170854553,8
2020-03-24,139.8237370351329,1
2020-03-25,146.93224421861171,0
2020-03-26,151.3101156932487,9
2020-03-27,130.32942889897666,1
2020-03-28,125.78518544248364,9
2020-03-29,131.49088427532152,10
2020-03-30,122.38292716060619,7
2020-03-31,111.79125334913746,5
2020-04-01,111.90851103567768,9
2020-04-02,123.80071858342362,5
2020-04-03,107.1199834884002,42
2020-04-04,95.40902882694891,5
2020-04-05,115.08905193122308,54
2020-04-06,88.48013275338585,1
2020-04-07,95.64032599273588,5
2020-04-08,111.12725341971698,9
2020-04-09,106.89702177441029,0
2020-04-10,119.23872041053181,1
2020-04-11,120.12691914039931,9
2020-04-12,165.39232159852625,5
2020-04-13,192.27202572463236,4
2020-04-14,136.32220308879909,31
2020-04-15,127.30239460820275,10
2020-04-16,133.48075208766068,5
2020-04-17,133.12513170562417,2
2020-04-18,142.53414350507447,7
2020-04-19,152.5624497271768,2
2020-04-20,156.6724245581731,4
2020-04-21,143.43987129129735,9
2020-04-22,140.77848374376174,0
2020-04-23,147.76825313670722,9
2020-04-24,136.42997957789242,10
2020-04-25,146.2223110679604,7
2020-04-26,138.27600277904926,5
2020-04-27,146.34214109394958,9
2020-04-28,127.75235744986118,10
2020-04-29,126.89298773280632,6
2020-04-30,119.34933662692484,5
2020-05-01,163.82760098547809,3
2020-05-02,110.37643025141844,3
2020-05-03,153.57933918587563,5
2020-05-04,108.52018353710905,3
2020-05-05,94.67352835479174,9
2020-05-06,93.58963823347374,5
2020-05-07,97.71826477865918,4
2020-05-08,107.59648329635853,8
2020-05-09,115.11157036869663,9
2020-05-10,105.88946271451857,7
2020-05-11,110.13961864211454,2
2020-05-12,112.5597685092565,9
2020-05-13,130.2951583613086,1
2020-05-14,109.89863822104151,3
2020-05-15,139.51751536277482,4
2020-05-16,126.11483968276411,5
2020-05-17,146.99508784272254,5
2020-05-18,147.6822846797033,0
2020-05-19,152.92998255689432,3
2020-05-20,145.27034908009404,2
2020-05-21,149.702732440418,49
2020-05-22,136.91327021848562,4
2020-05-23,152.146931953438,6
2020-05-24,136.7981107716808,10
2020-05-25,152.08880775138897,23
2020-05-26,137.29332940480907,0
2020-05-27,136.55618339108824,2
2020-05-28,119.53214772561356,9
2020-05-29,123.58124578423993,7
2020-05-30,117.3324481149879,6
2020-05-31,170.03012837332926,7
2020-06-01,110.00622633769814,25
2020-06-02,101.00924674193259,21
2020-06-03,100.06699408542416,10
2020-06-04,112.76364257063767,5
2020-06-05,114.06899906613626,9
2020-06-06,89.16121274513112,9
2020-06-07,107.55185577884306,0
2020-06-08,106.57536696425443,51
2020-06-09,100.89845642049094,6
2020-06-10,111.29731962700471,9
2020-06-11,182.67844527308762,9
2020-06-12,114.60727889306969,3
2020-06-13,128.05512789469225,2
2020-06-14,136.68479139122874,9
2020-06-15,134.63747520204322,2
2020-06-16,144.17747931952792,3
2020-06-17,145.65976649312432,4
2020-06-18,148.28691812871318,9
2020-06-19,144.42125058697619,1
2020-06-20,141.81445165009328,10
2020-06-21,146.84647502508267,2
2020-06-22,146.93675635425672,53
2020-06-23,151.25958139559415,10
2020-06-24,140.660736110407,2
2020-06-25,148.146779345641,53
2020-06-26,138.85090189927976,4
2020-06-27,128.6392426795974,22
2020-06-28,130.05344393492035,3
2020-06-29,128.89171764318561,28
2020-06-30,109.06879425066163,2
2020-07-01,101.21219259829503,0
2020-07-02,113.82892005253991,3
2020-07-03,112.82196035098426,7
2020-07-04,113.27386190205794,7
2020-07-05,104.55656624312962,10
2020-07-06,102.48163397275876,4
2020-07-07,104.182032962123,3
2020-07-08,108.09456529491024,7
2020-07-09,107.40558712138565,8
2020-07-10,108.9185798532944,4
2020-07-11,124.84065696722301,8
2020-07-12,118.08839695754234,2
2020-07-13,127.12961686198437,9
2020-07-14,132.3072456251793,1
2020-07-15,143.6669133736911,2
2020-07-16,143.2488714205193,7
2020-07-17,137.71012437406276,4
2020-07-18,149.888075333152,8
2020-07-19,161.69591975562201,2
2020-07-20,164.56465318689004,4
2020-07-21,153.82445783628327,5
2020-07-22,143.56385500913618,0
2020-07-23,157.3626579656254,6
2020-07-24,147.1388787505427,6
2020-07-25,140.86237603979475,8
2020-07-26,129.04411942429962,59
2020-07-27,127.77285724118317,7
2020-07-28,124.16193071592856,9
2020-07-29,115.38978678845461,3
2020-07-30,121.0030334234135,6
2020-07-31,114.98925522719107,1
2020-08-01,105.75814660933894,1
2020-08-02,106.01443781370628,7
2020-08-03,103.8539647395675,26
2020-08-04,94.13523108085491,37
2020-08-05,104.40939661235313,51
2020-08-06,101.64244529536279,3
2020-08-07,101.16864779386992,3
2020-08-08,105.49949312785087,3
2020-08-09,95.18949305616066,1
2020-08-10,121.03805539820128,9
2020-08-11,117.30025008169099,9
2020-08-12,134.47161607940328,9
2020-08-13,132.59217511715119,6
2020-08-14,130.16362638027587,4
2020-08-15,196.75736081845054,7
2020-08-16,139.4139562570596,9
2020-08-17,132.76407347596918,5
2020-08-18,141.53361918946578,3
2020-08-19,156.3794310464583,0
2020-08-20,134.4559017823873,7
2020-08-21,145.41801958863553,10
2020-08-22,155.49011784943121,0
2020-08-23,145.7162803738098,7
2020-08-24,142.83523486931918,9
2020-08-25,143.05447963330107,10
2020-08-26,131.36272396682855,5
2020-08-27,126.77407955426115,10
2020-08-28,109.3512343046058,4
2020-08-29,114.86991750736223,1
2020-08-30,119.31069816707517,7
2020-08-31,105.03844233773007,9
2020-09-01,100.54936346641797,3
2020-09-02,114.5886716948809,6
2020-09-03,105.29779319829954,3
2020-09-04,90.98003594215147,7
2020-09-05,99.94272975403263,8
2020-09-06,111.11222098698254,5
2020-09-07,114.96345180929899,2
2020-09-08,100.15650952624708,5
2020-09-09,125.32310995876793,1
2020-09-10,127.18709811303835,3
2020-09-11,126.06703219657233,4
2020-09-12,134.2388883077349,6
2020-09-13,135.836111964855,6
2020-09-14,133.2373710209514,2
2020-09-15,143.55674245194317,4
2020-09-16,149.14693320695508,2
2020-09-17,146.83013168525082,9
2020-09-18,144.3004828781988,2
2020-09-19,148.2855479219135,9
2020-09-20,151.13286014023976,3
2020-09-21,151.88274690578228,2
2020-09-22,142.69446826927526,8
2020-09-23,129.92615544264638,2
2020-09-24,129.8652082247237,4
2020-09-25,130.95643435414166,42
2020-09-26,124.88569657903888,10
2020-09-27,111.90260109710059,1
2020-09-28,115.14132666812628,55
2020-09-29,121.59860054740916,1
2020-09-30,112.28877844421652,4
2020-10-01,96.9073750110715,4
2020-10-02,108.99275020242705,6
2020-10-03,98.24922098221694,10
2020-10-04,103.43758819591126,9
2020-10-05,96.17544651014164,8
2020-10-06,107.21426632802864,7
2020-10-07,115.28210463718139,10
2020-10-08,121.08259716189829,3
2020-10-09,126.808757566878,9
2020-10-10,119.94966246502659,2
2020-10-11,120.38182253490362,2
2020-10-12,114.19384307564485,9
2020-10-13,138.00200234478137,1
2020-10-14,138.5018458948465,1
2020-10-15,143.99082195619582,7
2020-10-16,133.73025886124094,4
2020-10-17,149.56843576330007,0
2020-10-18,142.98726901068247,2
2020-10-19,156.0572519437962,38
2020-10-20,140.31111052071927,4
2020-10-21,143.72209657924694,6
2020-10-22,151.58644307113346,4
2020-10-23,133.92665561015605,3
2020-10-24,127.83535541506784,9
2020-10-25,119.61938209459149,3
2020-10-26,127.71172515601609,3
2020-10-27,129.51704986313754,0
2020-10-28,106.93110867128874,6
2020-10-29,109.18680872793891,8
2020-10-30,116.67229560324677,5
2020-10-31,104.00337564057394,10
2020-11-01,159.10645530158638,6
2020-11-02,102.61987877990505,54
2020-11-03,101.9021502746322,4
2020-11-04,101.58905455987521,10
2020-11-05,104.10438564046815,23
2020-11-06,101.26540650432115,45
2020-11-07,104.37396403269038,0
2020-11-08,129.74547504804247,4
2020-11-09,110.19693980889684,6
2020-11-10,119.3558990352484,9
2020-11-11,186.2530887889409,3
2020-11-12,117.07007663192836,0
2020-11-13,145.30568829911758,6
2020-11-14,131.12784489193822,3
2020-11-15,145.24748378528858,7
2020-11-16,151.99359173319888,6
2020-11-17,160.21195486484672,7
2020-11-18,155.7744325883636,2
2020-11-19,150.6038866881917,3
2020-11-20,148.72664819405432,1
2020-11-21,151.5082109245694,6
2020-11-22,138.3335638226583,9
2020-11-23,134.7072468594739,3
2020-11-24,130.83395610255957,2
2020-11-25,117.57676177092333,1
2020-11-26,130.43621387165675,7
2020-11-27,121.40904557611304,10
2020-11-28,95.27196914625058,6
2020-11-29,108.24436783282341,6
2020-11-30,102.52918173884652,1
2020-12-01,108.38117702763954,8
2020-12-02,94.85552939574485,45
2020-12-03,103.2397228651913,6
2020-12-04,106.96891300250589,3
2020-12-05,109.1522297745767,1
2020-12-06,114.87727583848242,10
2020-12-07,112.23418833125714,9
2020-12-08,120.86400745979901,4
2020-12-09,117.82989056544861,8
2020-12-10,116.70668436913897,24
2020-12-11,129.38899847361546,31
2020-12-12,126.28974088938536,7
2020-12-13,148.38657053366214,3
2020-12-14,138.17900967115492,10
2020-12-15,158.08756323552316,4
2020-12-16,157.56383868725078,7
2020-12-17,140.0358197840923,32
2020-12-18,155.32641833903608,3
2020-12-19,149.08875150713953,1
2020-12-20,152.8063045051929,4
2020-12-21,156.462890546155,1
2020-12-22,145.69085032951253,4
2020-12-23,144.05896566458765,3
2020-12-24,132.8874129213,1
2020-12-25,172.53767489144437,7
2020-12-26,188.69336055529192,7
2020-12-27,111.01928645369509,2
2020-12-28,117.4216367904193,43
2020-12-29,110.85008382169391,0
2020-12-30,115.13479328485221,1
2020-12-31,106.6598615411405,10
2021-01-01,163.10088775500006,3
2021-01-02,98.96368392497813,6
2021-01-03,113.77763615649222,10
2021-01-04,105.23660641617461,8
2021-01-05,112.72416546947787,2
2021-01-06,158.46939282847862,0
2021-01-07,114.59955510750702,9
2021-01-08,112.54123880103181,5
2021-01-09,128.0306312865904,7
2021-01-10,138.09501719708396,7
2021-01-11,125.90528853142975,4
2021-01-12,137.82881387346532,2
2021-01-13,161.0253241137522,3
2021-01-14,138.63046172415338,5
2021-01-15,162.39800357232406,5
2021-01-16,142.79809242737676,4
2021-01-17,152.53667610000744,0
2021-01-18,145.11902204148734,7
2021-01-19,136.70753288943828,2
2021-01-20,137.20579478146527,6
2021-01-21,135.9583247131755,9
2021-01-22,137.75971227238045,38
2021-01-23,135.8342982001228,7
2021-01-24,119.77448999456585,7
2021-01-25,107.14130702360974,3
2021-01-26,113.5207800486499,1
2021-01-27,104.05870829253938,2
2021-01-28,94.1666070726287,8
2021-01-29,111.9784316481808,8
2021-01-30,102.69049177507064,4
2021-01-31,107.8212952452974,46
2021-02-01,89.58717196327261,5
2021-02-02,107.8284335120304,0
2021-02-03,88.67032885071616,4
2021-02-04,98.04573028532614,6
2021-02-05,108.02737430588114,8
2021-02-06,119.97270756902837,1
2021-02-07,106.26964759165737,1
2021-02-08,131.36223070397136,10
2021-02-09,122.10635879219426,10
2021-02-10,130.20692220073235,10
2021-02-11,138.63528557209625,4
2021-02-12,130.3262953092805,6
2021-02-13,141.21359760630065,10
2021-02-14,150.03925698719593,4
2021-02-15,159.08169410438256,2
2021-02-16,153.63277456355658,6
2021-02-17,150.84849563317914,6
2021-02-18,148.7762805098846,9
2021-02-19,161.7057753674787,4
2021-02-20,128.97921693494408,5
2021-02-21,124.60983891109449,9
2021-02-22,134.86173483597548,2
2021-02-23,133.96752492836157,6
2021-02-24,106.70734923749727,7
2021-02-25,117.56611503660751,10
2021-02-26,126.20492310873404,5
2021-02-27,117.34642479844818,0
2021-02-28,108.83577358941542,2
2021-03-01,110.56457924276141,7
2021-03-02,104.42058652518304,1
2021-03-03,102.60443750671651,30
2021-03-04,105.87614572832233,0
2021-03-05,109.06401819019696,10
2021-03-06,107.46947203436152,6
2021-03-07,94.01849485237136,6
2021-03-08,107.48651005797593,48
2021-03-09,120.2198497222672,2
2021-03-10,131.4246486042536,1
2021-03-11,124.2455623537746,7
2021-03-12,129.72555635345682,4
2021-03-13,136.26962431390766,4
2021-03-14,146.886481134365,0
2021-03-15,147.0607901356315,4
2021-03-16,148.7024955552964,35
2021-03-17,154.0377760106673,3
2021-03-18,141.60079142402057,7
2021-03-19,142.72424702837768,8
2021-03-20,138.51401147760222,6
2021-03-21,141.92295301397473,21
2021-03-22,133.28456262002956,34
2021-03-23,131.3049456554133,49
2021-03-24,125.73841942622691,0
2021-03-25,124.91098611057896,9
2021-03-26,112.43581388783284,7
2021-03-27,118.8934209968827,9
2021-03-28,113.42026698534032,8
2021-03-29,101.31391807750978,15
2021-03-30,113.52117792813719,9
2021-03-31,100.3004471305076,1
2021-04-01,99.82168795816766,1
2021-04-02,95.49129854547385,46
2021-04-03,94.05785877816841,7
2021-04-04,167.78579778167747,2
2021-04-05,171.8851812758629,2
2021-04-06,98.53786744110063,6
2021-04-07,113.9867580651278,1
2021-04-08,116.56107916671425,0
2021-04-09,125.62248853524966,8
2021-04-10,131.28364996311862,6
2021-04-11,133.90638034139116,8
2021-04-12,149.41774882319393,8
2021-04-13,141.7962834302426,8
2021-04-14,156.29251477354032,4
2021-04-15,145.1794142610896,1
2021-04-16,139.9704185796736,6
2021-04-17,142.18893354638294,5
2021-04-18,144.03025739200166,5
2021-04-19,150.49889788481545,19
2021-04-20,142.7440525573301,4
2021-04-21,136.69948321135345,3
2021-04-22,128.22580753611948,2
2021-04-23,136.21925206048203,7
2021-04-24,121.73986802922175,10
2021-04-25,127.05622888017069,4
2021-04-26,117.50518489703053,0
2021-04-27,109.75186327713863,10
2021-04-28,112.08361838608062,5
2021-04-29,107.71592870183922,51
2021-04-30,102.3503286923106,2
2021-05-01,140.61796873956303,5
2021-05-02,90.91142014818229,1
2021-05-03,140.5748382686837,3
2021-05-04,95.37104038874266,6
2021-05-05,104.86175568885947,4
2021-05-06,118.31360087472324,6
2021-05-07,120.94058712302761,0
2021-05-08,122.7253190643563,3
2021-05-09,121.89686981232833,6
2021-05-10,134.07468883717718,2
2021-05-11,135.7707056709551,0
2021-05-12,136.95662811952528,4
2021-05-13,152.1479356086775,5
2021-05-14,138.32520440590682,0
2021-05-15,153.3250748275847,4
2021-05-16,145.0793347758308,2
2021-05-17,148.47651813925538,8
2021-05-18,146.19678532086084,2
2021-05-19,143.77115666585988,9
2021-05-20,140.9591443051034,1
2021-05-21,128.04981235913363,20
2021-05-22,132.56518732186908,0
2021-05-23,206.07123947202206,2
2021-05-24,117.49402622561092,6
2021-05-25,119.60073871358931,8
2021-05-26,128.04055247456805,0
2021-05-27,108.0712732907037,3
2021-05-28,101.29540767785905,8
2021-05-29,107.11140976123801,9
2021-05-30,97.92442389715474,5
2021-05-31,100.816888518449,5
2021-06-01,89.36874726930292,0
2021-06-02,112.31388587819181,2
2021-06-03,132.94709765187974,3
2021-06-04,105.78009819042498,10
2021-06-05,102.04755309257403,10
2021-06-06,112.55822334798515,6
2021-06-07,115.17593640281464,0
2021-06-08,136.46104941365897,3
2021-06-09,133.56088945288823,7
2021-06-10,137.26744473229377,6
2021-06-11,142.8260522021952,10
2021-06-12,133.12898961438322,7
2021-06-13,145.13887668642906,10
2021-06-14,148.7712947454463,24
2021-06-15,147.87743692918812,30
2021-06-16,143.76393816999501,1
2021-06-17,149.29363722975404,4
2021-06-18,142.623996196651,4
2021-06-19,138.9071067303438,10
2021-06-20,142.309223825869,8
2021-06-21,135.8011317898639,7
2021-06-22,130.4497382680882,4
2021-06-23,135.67858963708463,4
2021-06-24,121.65045288610105,4
2021-06-25,115.41019225655009,50
2021-06-26,108.28574718184372,8
2021-06-27,108.21939657482456,4
2021-06-28,103.15654272174318,6
2021-06-29,104.67577306226842,0
2021-06-30,101.13212870105843,1
2021-07-01,98.23387610044166,4
2021-07-02,113.47427725819307,34
2021-07-03,97.11666664601694,8
2021-07-04,93.27121003251203,7
2021-07-05,119.73895655394037,8
2021-07-06,121.69889790543911,7
2021-07-07,112.21216802175344,9
2021-07-08,119.38679095830682,9
2021-07-09,133.0389485414156,4
2021-07-10,125.33682174077518,51
2021-07-11,132.93353306487126,7
2021-07-12,153.44029839069208,7
2021-07-13,144.35673841619797,7
2021-07-14,146.85125220323718,2
2021-07-15,153.05760699898,4
2021-07-16,136.3332648214484,8
2021-07-17,151.9410231445967,3
2021-07-18,148.2306814356206,5
2021-07-19,144.2526766710786,4
2021-07-20,141.90613237649129,8
2021-07-21,140.83663652732966,27
2021-07-22,129.3487296713225,8
2021-07-23,132.8845796277357,1
2021-07-24,125.46583656414765,44
2021-07-25,110.86415007697336,50
2021-07-26,117.1021738906505,0
2021-07-27,113.21705461980717,7
2021-07-28,101.38369125935036,9
2021-07-29,107.82995182998407,4
2021-07-30,103.49368784157257,2
2021-07-31,103.1736459816954,21
2021-08-01,107.84971502296985,1
2021-08-02,101.500537564402,1
2021-08-03,105.24434834383221,4
2021-08-04,118.31980619072588,5
2021-08-05,105.12053281526414,0
2021-08-06,116.87830564431238,7
2021-08-07,129.2942080028939,10
2021-08-08,134.7318691172083,6
2021-08-09,120.05406332248502,7
2021-08-10,151.11086865001857,7
2021-08-11,149.54673425480726,2
2021-08-12,144.65820598233796,3
2021-08-13,154.49800500452486,10
2021-08-14,149.53734569553507,22
2021-08-15,228.26425701984118,7
2021-08-16,139.55387237356445,4
2021-08-17,142.06080053189794,7
2021-08-18,154.69613698128433,2
2021-08-19,141.98752214054622,2
2021-08-20,135.92160062818186,3
2021-08-21,122.05499483957163,1
2021-08-22,114.5448889551715,9
2021-08-23,117.74809586538484,5
2021-08-24,114.91275567112329,10
2021-08-25,116.76813594756936,4
2021-08-26,107.10839452325555,10
2021-08-27,94.51101072007386,1
2021-08-28,98.56071146886605,5
2021-08-29,97.57128044178795,4
2021-08-30,100.38809277177303,0
2021-08-31,94.63063350465542,10
2021-09-01,93.91260900754742,2
2021-09-02,116.23346804979873,8
2021-09-03,125.21687335824063,46
2021-09-04,116.73826228464364,4
2021-09-05,112.99094538130004,16
2021-09-06,132.13526965443342,6
2021-09-07,135.55453216891533,10
2021-09-08,132.14081271835386,19
2021-09-09,131.7031041632234,2
2021-09-10,143.00172047881912,6
2021-09-11,149.0223417806208,1
2021-09-12,145.77692145433704,9
2021-09-13,141.5189096862864,3
2021-09-14,154.228674526603,4
2021-09-15,153.8392317440469,6
2021-09-16,133.8467545001876,8
2021-09-17,141.50226253546643,4
2021-09-18,134.27276141813496,10
2021-09-19,133.34882715933338,6
2021-09-20,136.3740687306011,2
2021-09-21,131.5950875579026,1
2021-09-22,119.780419669672,8
2021-09-23,114.88594367036083,5
2021-09-24,111.05987461253845,7
2021-09-25,101.07469901951977,10
2021-09-26,99.66218548687382,5
2021-09-27,106.2669710552155,4
2021-09-28,95.587362260566,0
2021-09-29,106.75606224790018,2
2021-09-30,96.69773403234534,41
2021-10-01,108.60168523315673,30
2021-10-02,106.11738136071249,1
2021-10-03,109.86514579396915,3
2021-10-04,114.38819531576102,8
2021-10-05,124.33629308295474,7
2021-10-06,118.41959271626583,9
2021-10-07,129.30847177287936,7
2021-10-08,153.31772421365864,10
2021-10-09,141.63232449955595,53
2021-10-10,138.870553949164,2
2021-10-11,137.63818077102124,8
2021-10-12,157.83151166100473,1
2021-10-13,154.46146828623085,2
2021-10-14,148.69139527014497,7
2021-10-15,135.87083866550546,8
2021-10-16,157.8348059265874,9
2021-10-17,136.24963143953664,10
2021-10-18,140.27985051841574,6
2021-10-19,138.24996542953545,5
2021-10-20,134.42463356918915,5
2021-10-21,118.28461795344762,2
2021-10-22,128.444749463161,0
2021-10-23,114.50330600407828,7
2021-10-24,114.11013582185076,11
2021-10-25,105.37765473314504,2
2021-10-26,98.13790505014796,30
2021-10-27,107.71269108843885,10
2021-10-28,100.50075021055086,1
2021-10-29,115.96770646608516,3
2021-10-30,91.27010471297936,5
2021-10-31,112.10363255165957,10
2021-11-01,153.6523239393151,9
2021-11-02,108.66207001945193,5
2021-11-03,109.64530910359247,3
2021-11-04,124.73457055948833,0
2021-11-05,133.8727620912663,3
2021-11-06,125.12138493226585,7
2021-11-07,141.86116026043888,6
2021-11-08,134.3254181335696,53
2021-11-09,137.23602700480782,2
2021-11-10,154.43230993333023,5
2021-11-11,224.8719364797426,4
2021-11-12,150.91100900431624,7
2021-11-13,161.95547782279485,6
2021-11-14,135.51232032473433,4
2021-11-15,149.37350215450508,4
2021-11-16,147.6342329812837,8
2021-11-17,140.5258276001303,10
2021-11-18,130.47862903744297,6
2021-11-19,132.14196267949205,4
2021-11-20,114.54275456811733,0
2021-11-21,127.66308940894989,7
2021-11-22,121.50550469261316,6
2021-11-23,120.58622362679603,10
2021-11-24,106.46636935366494,2
2021-11-25,94.39110442505131,2
2021-11-26,105.11550336245305,30
2021-11-27,101.52115330662859,8
2021-11-28,100.95900578444665,2
2021-11-29,116.89445705871935,2
2021-11-30,96.62849040519345,1
2021-12-01,104.3472603124208,3
2021-12-02,98.6725155654437,2
2021-12-03,113.60239024005226,0
2021-12-04,106.27295765951195,1
2021-12-05,121.45933056826911,1
2021-12-06,123.6333386169039,9
2021-12-07,137.85800389706324,9
2021-12-08,147.92795791238677,5
2021-12-09,126.70265719375496,1
2021-12-10,143.91618516889437,2
2021-12-11,151.27751490407482,8
2021-12-12,150.90225416728725,3
2021-12-13,147.36092583313604,9
2021-12-14,158.74701035032592,40
2021-12-15,161.71221765791745,1
2021-12-16,150.55939264310504,3
2021-12-17,138.9982686063532,2
2021-12-18,127.61755806846604,4
2021-12-19,136.49777021138058,10
2021-12-20,118.51867290900412,7
2021-12-21,119.99678071872293,5
2021-12-22,123.8325437099417,1
2021-12-23,102.53713558846216,0
2021-12-24,112.32425353728979,6
2021-12-25,154.91446167174377,5
2021-12-26,164.46612435606252,9
2021-12-27,120.9544764941333,1
2021-12-28,88.91797712719416,7
2021-12-29,105.69280370556031,6
2021-12-30,97.70586335105969,0
2021-12-31,106.53463932415316,2
2022-01-01,173.13251331827394,8
2022-01-02,119.60074639337167,56
2022-01-03,119.36196571928573,10
2022-01-04,131.51191717397603,2
2022-01-05,126.4665445964416,9
2022-01-06,207.3440488606851,7
2022-01-07,141.34035912062478,1
2022-01-08,137.13128346269397,4
2022-01-09,156.2923405982109,0
2022-01-10,151.52636323386736,0
2022-01-11,150.93277670582273,7
2022-01-12,135.9318794586515,2
2022-01-13,152.44165144024313,4
2022-01-14,151.81034034094162,9
2022-01-15,134.9492025970386,37
2022-01-16,153.92368377449546,2
2022-01-17,130.01543726001557,0
2022-01-18,129.63340169557117,2
2022-01-19,114.04740163011141,44
2022-01-20,119.98195858312044,7
2022-01-21,124.4678544698904,8
2022-01-22,122.99877993838774,2
2022-01-23,112.42914409505477,5
2022-01-24,114.64676275198616,8
2022-01-25,102.38644388938138,9
2022-01-26,110.06715822001233,18
2022-01-27,103.8847681235355,3
2022-01-28,96.40505856690847,10
2022-01-29,94.39060689685864,0
2022-01-30,106.93490818405915,6
2022-01-31,113.75954324442974,5
2022-02-01,121.10179287170133,7
2022-02-02,110.11555430602576,0
2022-02-03,119.50504098681618,7
2022-02-04,134.90975219425937,3
2022-02-05,132.13986174664956,55
2022-02-06,143.19336602875114,6
2022-02-07,139.16388547042158,5
2022-02-08,128.4270025504837,9
2022-02-09,142.47765839387333,2
2022-02-10,156.39105143675104,4
2022-02-11,139.3715826431039,1
2022-02-12,161.3004965585806,6
2022-02-13,136.8760976141718,4
2022-02-14,145.39461894929465,9
2022-02-15,128.29181778014595,20
2022-02-16,132.46710181174964,2
2022-02-17,137.64846592195562,52
2022-02-18,133.16391582083583,3
2022-02-19,129.1686144529913,3
2022-02-20,118.44920299256941,7
2022-02-21,108.58053868834617,9
2022-02-22,107.55777465854527,2
2022-02-23,105.49876503110362,2
2022-02-24,98.24348461967038,9
2022-02-25,109.27143290240294,7
2022-02-26,99.56933369106756,3
2022-02-27,105.72006132356988,20
2022-02-28,113.4228362140634,9
2022-03-01,114.95833481289112,7
2022-03-02,114.0073557405014,3
2022-03-03,107.31571777871248,9
2022-03-04,138.83396561233266,42
2022-03-05,121.95791261134002,8
2022-03-06,129.89484643876665,0
2022-03-07,122.37468849634627,9
2022-03-08,151.5366721220818,4
2022-03-09,140.51369321367883,3
2022-03-10,154.77403377636682,0
2022-03-11,143.55682889220643,32
2022-03-12,154.3941190691237,5
2022-03-13,153.47631718098194,4
2022-03-14,155.14090230086987,15
2022-03-15,145.24900190616415,10
2022-03-16,141.79826435512172,30
2022-03-17,142.3903129490887,6
2022-03-18,125.84701115349256,4
2022-03-19,133.08309698381572,2
2022-03-20,130.34730200314564,7
2022-03-21,120.35439060965908,10
2022-03-22,111.87906680585064,25
2022-03-23,106.33013117233311,2
2022-03-24,116.9019664072647,9
2022-03-25,102.64041329360364,3
2022-03-26,109.10684149002465,13
2022-03-27,100.13374040705644,6
2022-03-28,94.57671252852941,4
2022-03-29,91.17935592781325,36
2022-03-30,95.46139457332673,10
2022-03-31,118.6132670809478,3
2022-04-01,113.96626386325102,5
2022-04-02,118.45972801626681,51
2022-04-03,114.4886488485326,8
2022-04-04,134.43149388517062,0
2022-04-05,138.61158485845155,3
2022-04-06,143.9117404800963,2
2022-04-07,136.8288678120233,20
2022-04-08,142.60315428628715,4
2022-04-09,153.53816766574985,5
2022-04-10,143.89753306839208,2
2022-04-11,142.55083470455622,6
2022-04-12,142.9950887860158,6
2022-04-13,142.59873737195588,1
2022-04-14,167.71665093178459,7
2022-04-15,147.58242973670076,6
2022-04-16,131.69755768146715,6
2022-04-17,205.4162755443449,2
2022-04-18,191.20365137452234,7
2022-04-19,121.66207254791499,5
2022-04-20,124.48492693433113,10
2022-04-21,104.01871682198674,3
2022-04-22,112.78821905071212,6
2022-04-23,99.76323828977546,9
2022-04-24,104.83429817139564,8
2022-04-25,94.51081848269183,2
2022-04-26,105.44661212498254,5
2022-04-27,112.51448724973976,9
2022-04-28,98.54353753419532,8
2022-04-29,102.36393589649809,2
2022-04-30,105.88356728995178,37
2022-05-01,157.0008571993951,25
2022-05-02,126.75733224823534,7
2022-05-03,186.19566459044927,4
2022-05-04,127.16958709057938,0
2022-05-05,136.04441169977537,9
2022-05-06,150.1599629510593,5
2022-05-07,138.49316155336606,4
2022-05-08,142.5356007238621,30
2022-05-09,145.30815977781256,1
2022-05-10,154.76079994441025,3
2022-05-11,153.923845606803,3
2022-05-12,144.44973561333603,3
2022-05-13,153.93654216772458,6
2022-05-14,149.78718550126675,4
2022-05-15,136.7704032089284,5
2022-05-16,129.85874760986488,0
2022-05-17,133.8178934125497,47
2022-05-18,131.75021351369261,10
2022-05-19,132.54707303076367,3
2022-05-20,116.81494163685547,1
2022-05-21,127.10921738181545,1
2022-05-22,117.66682745206904,6
2022-05-23,112.50338694477567,5
2022-05-24,118.04241929104978,1
2022-05-25,98.03293045495069,4
2022-05-26,95.48766190962768,4
2022-05-27,108.19948364848199,8
2022-05-28,91.54973708561202,25
2022-05-29,94.50989125174931,5
2022-05-30,110.52235073454344,5
2022-05-31,103.74276274718794,1
2022-06-01,116.87581403730694,2
2022-06-02,117.55256270051211,10
2022-06-03,129.55672995353353,41
2022-06-04,124.90223739236257,6
2022-06-05,200.5248220321019,5
2022-06-06,149.56548646257622,4
2022-06-07,151.77521671004376,18
2022-06-08,150.10205475723575,7
2022-06-09,154.84104960686054,1
2022-06-10,150.6572520101783,6
2022-06-11,147.39093583265276,10
2022-06-12,145.27300451839682,10
2022-06-13,130.94855922149156,4
2022-06-14,144.0838019630016,0
2022-06-15,140.7027295727983,6
2022-06-16,204.44530204303135,6
2022-06-17,121.52245653074219,3
2022-06-18,119.9129597983487,3
2022-06-19,117.54153851687846,10
2022-06-20,102.71064290828188,1
2022-06-21,116.30639862444141,2
2022-06-22,102.01735090178141,7
2022-06-23,109.27136168596208,6
2022-06-24,85.66523230980614,9
2022-06-25,92.59104078180125,2
2022-06-26,97.33930117940939,2
2022-06-27,102.33864925635416,0
2022-06-28,103.5847253960315,1
2022-06-29,103.11402973745398,9
2022-06-30,107.12763774050651,1
2022-07-01,121.26597287651947,8
2022-07-02,101.37498982341344,1
2022-07-03,121.45132751720969,7
2022-07-04,143.31988900232975,7
2022-07-05,145.2918903050166,21
2022-07-06,145.10399526717393,10
2022-07-07,143.1225103841582,4
2022-07-08,141.75768109560337,5
2022-07-09,140.30812142069675,9
2022-07-10,149.8866053771218,4
2022-07-11,144.5744875660715,1
2022-07-12,152.31673911650591,7
2022-07-13,139.0391670106636,0
2022-07-14,152.3843302848322,7
2022-07-15,142.07625014983185,4
2022-07-16,123.09159934602206,5
2022-07-17,126.20423508533327,0
2022-07-18,120.45106366881198,5
2022-07-19,117.79801909377258,5
2022-07-20,113.75123660618813,5
2022-07-21,100.80541084949571,6
2022-07-22,93.57331780051278,6
2022-07-23,110.59293468350062,9
2022-07-24,103.87352182582028,6
2022-07-25,94.53940162893711,0
2022-07-26,107.73659133306492,1
2022-07-27,93.77999936075246,6
2022-07-28,98.49801930735687,47
2022-07-29,91.80102887284554,4
2022-07-30,118.95539180024679,10
2022-07-31,117.28202891694794,33
2022-08-01,130.68364994918664,10
2022-08-02,125.03153001089154,10
2022-08-03,125.15889859082593,10
2022-08-04,131.611607765335,1
2022-08-05,135.09795045470463,10
2022-08-06,149.42664258583787,3
2022-08-07,139.7024843567708,17
2022-08-08,156.35097223337303,2
2022-08-09,142.52844527894376,10
2022-08-10,160.45255314097122,1
2022-08-11,141.6408989303837,0
2022-08-12,144.30694952982103,3
2022-08-13,140.92016981346862,4
2022-08-14,138.41258461353067,5
2022-08-15,197.88483917781883,8
2022-08-16,137.15212449792497,10
2022-08-17,134.8935734237173,7
2022-08-18,116.52206787484837,9
2022-08-19,109.47961435387089,0
2022-08-20,111.74829305629191,3
2022-08-21,104.12827583668123,1
2022-08-22,118.5264808500548,0
2022-08-23,102.56053777205267,1
2022-08-24,90.56714109199761,9
2022-08-25,111.22815147052079,10
2022-08-26,96.4223169515051,0
2022-08-27,96.66785592277556,10
2022-08-28,108.3457710052152,5
2022-08-29,104.64724421133828,3
2022-08-30,117.97682268802643,4
2022-08-31,111.37051387463937,10
2022-09-01,128.53990486285196,8
2022-09-02,118.97851651538573,7
2022-09-03,139.61710581268778,3
2022-09-04,145.1305048527013,4
2022-09-05,129.97871591073104,4
2022-09-06,154.08587943665876,5
2022-09-07,155.75405173365115,4
2022-09-08,147.6096113734135,8
2022-09-09,147.4415870072128,7
2022-09-10,147.19366964419112,9
2022-09-11,128.98746944460171,5
2022-09-12,154.17101582112505,6
2022-09-13,130.65043546573042,0
2022-09-14,136.27340717023193,5
2022-09-15,128.32778389109018,1
2022-09-16,124.12567482677163,9
2022-09-17,120.09925863634238,0
2022-09-18,114.54806511779971,39
2022-09-19,107.62074370845555,1
2022-09-20,103.63036340960288,0
2022-09-21,106.51616493353364,3
2022-09-22,103.8684456032837,8
2022-09-23,100.89257116374672,4
2022-09-24,112.13693499309377,6
2022-09-25,101.09750380553743,7
2022-09-26,101.07382456167028,0
2022-09-27,114.34009108346707,9
2022-09-28,113.17093653041421,9
2022-09-29,114.27360859962245,1
2022-09-30,111.96869244523901,1
2022-10-01,127.75608436632992,7
2022-10-02,131.87261342533333,5
2022-10-03,119.72036577282218,10
2022-10-04,149.53342093100954,3
2022-10-05,145.05648555057664,8
2022-10-06,148.51509504457778,7
2022-10-07,140.67140748108054,22
2022-10-08,153.89404564362283,34
2022-10-09,146.09707742868457,5
2022-10-10,154.3156735655229,5
2022-10-11,162.00658584063376,6
2022-10-12,140.96478533705346,2
2022-10-13,140.89636353971883,49
2022-10-14,127.69488769570098,4
2022-10-15,122.09120037808455,4
2022-10-16,123.24687096253068,10
2022-10-17,120.39301792635122,5
2022-10-18,107.52367701544433,7
2022-10-19,107.70545170498171,2
2022-10-20,97.89517600142972,9
2022-10-21,100.58139499262874,4
2022-10-22,110.30112763161246,7
2022-10-23,105.33935061697132,5
2022-10-24,107.76144241180788,1
2022-10-25,117.97333397814234,0
2022-10-26,102.74355719695852,6
2022-10-27,114.04831139257148,9
2022-10-28,122.97277348846336,15
2022-10-29,115.1538873033067,7
2022-10-30,122.21592344917342,3
2022-10-31,132.48469248624409,7
2022-11-01,185.59875536271883,6
2022-11-02,136.5285700708987,4
2022-11-03,147.55885710711618,37
2022-11-04,135.19443679720956,8
2022-11-05,147.8036105221635,9
2022-11-06,152.215970296063,1
2022-11-07,141.64309668710396,9
2022-11-08,140.812021723022,5
2022-11-09,142.8921553387413,8
2022-11-10,150.31871142169518,8
2022-11-11,219.72538380344324,10
2022-11-12,141.80660906638286,27
2022-11-13,130.9480367994203,1
2022-11-14,126.45001546651287,0
2022-11-15,133.98945781641436,8
2022-11-16,123.0670231913372,2
2022-11-17,107.3907523136375,3
2022-11-18,114.32483249609766,8
2022-11-19,112.68076821871509,2
2022-11-20,95.9889792117508,30
2022-11-21,101.92448763990022,5
2022-11-22,113.24693938262904,3
2022-11-23,103.35253417556189,0
2022-11-24,103.7980688047848,10
2022-11-25,105.83093364225002,2
2022-11-26,110.0658616332529,9
2022-11-27,94.82035682263434,9
2022-11-28,120.82039538064402,0
2022-11-29,123.9006561248631,2
2022-11-30,121.63179282137013,21
2022-12-01,129.3929894827735,8
2022-12-02,147.75412913412723,34
2022-12-03,140.78679639869947,5
2022-12-04,140.23181993773122,0
2022-12-05,152.1206889350714,0
2022-12-06,149.8566650614444,5
2022-12-07,144.86793517483733,9
2022-12-08,145.81095978814488,5
2022-12-09,137.3174500532343,6
2022-12-10,147.60007710455494,9
2022-12-11,142.90596377010766,2
2022-12-12,127.05984170215879,8
2022-12-13,139.51841214986243,2
2022-12-14,119.77486839529813,8
2022-12-15,131.45219086077566,1
2022-12-16,127.83691961099152,9
2022-12-17,115.20315505676355,29
2022-12-18,108.02552958498354,5
2022-12-19,107.38204852334297,4
2022-12-20,100.19466351419608,6
2022-12-21,106.04566415409793,1
2022-12-22,94.63007847929194,4
2022-12-23,104.8351013889447,2
2022-12-24,105.46705188183047,1
2022-12-25,156.8420392974422,5
2022-12-26,145.935200038548,10
2022-12-27,115.43277841980566,2
2022-12-28,104.74652407087497,3
2022-12-29,117.36293038517216,9
2022-12-30,116.99938208730373,9
2022-12-31,134.98212804389684,9
2023-01-01,197.76161178438144,0
2023-01-02,144.61462775066764,0
2023-01-03,128.71938621892943,9
2023-01-04,144.3960926392199,1
2023-01-05,140.54092072871268,6
2023-01-06,234.22816602260434,3
2023-01-07,137.94887374557143,9
2023-01-08,147.27730533790412,9
2023-01-09,139.16076457205338,7
2023-01-10,152.87502341361497,6
2023-01-11,142.7028767293323,0
2023-01-12,141.63155466147782,2
2023-01-13,130.12992809638885,5
2023-01-14,127.96538101961735,9
2023-01-15,117.6957836406537,9
2023-01-16,124.1075918562174,3
2023-01-17,116.84016163828291,43
2023-01-18,92.41859293521573,5
2023-01-19,106.26918965872892,5
2023-01-20,115.3541926123285,3
2023-01-21,107.17432703859946,0
2023-01-22,101.82076983268364,2
2023-01-23,94.27643527807858,33
2023-01-24,106.36704522806956,9
2023-01-25,107.00912927845506,3
2023-01-26,112.11391391957923,3
2023-01-27,121.49722261748116,9
2023-01-28,130.2467646128573,4
2023-01-29,126.46761270857571,10
2023-01-30,121.54144794019228,8
2023-01-31,142.30147143707137,2
2023-02-01,132.823742869896,6
2023-02-02,140.95199583491248,10
2023-02-03,153.83859496051383,7
2023-02-04,156.04736110292808,10
2023-02-05,153.70772937002286,50
2023-02-06,146.07974520856254,6
2023-02-07,159.9882928509665,6
2023-02-08,140.15098742895802,2
2023-02-09,145.93847139293206,7
2023-02-10,126.70701949850012,9
2023-02-11,141.69354505775647,7
2023-02-12,141.66642770598247,3
2023-02-13,116.67052325861064,7
2023-02-14,111.88397702759336,43
2023-02-15,119.26125154468609,3
2023-02-16,119.42447799431116,6
2023-02-17,113.46797174809417,4
2023-02-18,105.11611447307436,3
2023-02-19,102.56222838790491,2
2023-02-20,97.44090139368897,9
2023-02-21,110.10572011935295,20
2023-02-22,112.46276130560395,4
2023-02-23,112.6693024805435,4
2023-02-24,98.99997518292193,4
2023-02-25,115.26509439790608,5
2023-02-26,107.75473987416791,4
2023-02-27,112.06189725863497,9
2023-02-28,123.01347154937392,10
2023-03-01,136.98450213798134,1
2023-03-02,133.78664905496112,8
2023-03-03,126.351179321316,0
2023-03-04,134.43732848142892,6
2023-03-05,138.00019665389928,5
2023-03-06,142.11017934304425,9
2023-03-07,153.33153216381075,1
2023-03-08,139.80154578395494,36
2023-03-09,152.37111006032546,8
2023-03-10,150.87486696001665,20
2023-03-11,143.46504374554857,6
2023-03-12,124.89862510846542,0
2023-03-13,133.94603234783324,5
2023-03-14,121.761561949252,9
2023-03-15,121.16013609462111,1
2023-03-16,121.05929399588362,8
2023-03-17,119.68071811049352,5
2023-03-18,111.32644151686543,6
2023-03-19,110.70990854194773,1
2023-03-20,103.81533923797723,10
2023-03-21,111.14901034447736,6
2023-03-22,93.19569845132828,10
2023-03-23,90.26100531631448,3
2023-03-24,100.4649613679516,1
2023-03-25,105.15135830772898,2
2023-03-26,113.21087621512389,10
2023-03-27,109.79814156745766,2
2023-03-28,116.94318936251648,6
2023-03-29,117.03031746257153,46
2023-03-30,136.06541234062223,4
2023-03-31,124.18129063028513,3
2023-04-01,126.45325723942776,1
2023-04-02,140.43719347679357,9
2023-04-03,140.4502626223419,10
2023-04-04,140.4675040460868,4
2023-04-05,147.4078197646693,7
2023-04-06,152.10092993356338,25
2023-04-07,148.03615998168974,4
2023-04-08,164.76187036603287,1
2023-04-09,219.67855183889108,1
2023-04-10,224.64643710601015,1
2023-04-11,140.18569963366326,1
2023-04-12,129.75153350882192,4
2023-04-13,141.8447289818005,41
2023-04-14,141.6109086133097,2
2023-04-15,124.44590048838545,3
2023-04-16,110.06623847082493,48
2023-04-17,118.05132906058766,0
2023-04-18,107.41915624561206,8
2023-04-19,99.50782343252462,6
2023-04-20,123.5534288618994,3
2023-04-21,108.58247866280068,1
2023-04-22,101.14381094814274,4
2023-04-23,105.46390642303967,7
2023-04-24,92.065214925061,10
2023-04-25,106.1152750317565,7
2023-04-26,103.66134193350034,7
2023-04-27,105.44327194356816,9
2023-04-28,125.59018453316244,9
2023-04-29,115.0998560379154,6
2023-04-30,137.26213530516753,2
2023-05-01,209.3080938047059,9
2023-05-02,135.65588197340057,1
2023-05-03,205.87491221474505,9
2023-05-04,144.1230562404541,10
2023-05-05,152.8980333817645,42
2023-05-06,146.06043117281797,3
2023-05-07,153.90497426291392,4
2023-05-08,139.31755365391325,0
2023-05-09,144.1582260881526,0
2023-05-10,140.13314795016683,0
2023-05-11,147.49242220164808,10
2023-05-12,124.48546757778013,0
2023-05-13,129.8242692630294,0
2023-05-14,123.29469913144824,9
2023-05-15,111.22305380969202,5
2023-05-16,106.66241079910809,8
2023-05-17,107.26408184871536,6
2023-05-18,116.41857823849496,0
2023-05-19,92.14053689648297,17
2023-05-20,105.49906944688394,9
2023-05-21,100.44734811265513,0
2023-05-22,99.72357020555155,8
2023-05-23,99.29682160395292,9
2023-05-24,103.34784657963384,0
2023-05-25,105.86991792424193,9
2023-05-26,104.37744421696193,4
2023-05-27,108.17527862028652,2
2023-05-28,182.67281527890654,2
2023-05-29,131.60808057886086,3
2023-05-30,124.30030249501384,9
2023-05-31,134.55384704477407,6
2023-06-01,133.5468375497173,8
2023-06-02,144.38801680526396,1
2023-06-03,142.90515218034946,2
2023-06-04,154.3245505143748,10
2023-06-05,144.63451283869864,3
2023-06-06,162.18131278338885,1
2023-06-07,143.48838269403814,10
2023-06-08,227.34551774584654,4
2023-06-09,149.0624179051128,3
2023-06-10,136.3251580610438,8
2023-06-11,138.13121711591256,10
2023-06-12,131.43559634252907,7
2023-06-13,120.61498184131922,31
2023-06-14,111.3945789231273,6
2023-06-15,115.24946228978041,10
2023-06-16,109.1826352960636,6
2023-06-17,109.52967454789196,10
2023-06-18,105.84812126953575,3
2023-06-19,98.92232984328665,4
2023-06-20,112.20738568670286,8
2023-06-21,105.08881124384055,4
2023-06-22,120.27094266178915,8
2023-06-23,102.37483731243312,4
2023-06-24,112.81951277613898,5
2023-06-25,125.13837332157897,3
2023-06-26,109.92125604490293,4
2023-06-27,116.90132114490544,1
2023-06-28,122.20942645632378,8
2023-06-29,144.3978677265857,3
2023-06-30,141.62987577416243,7
2023-07-01,147.39638312960872,3
2023-07-02,141.99796907381042,5
2023-07-03,142.7762505693023,1
2023-07-04,147.41968725880818,7
2023-07-05,150.40217314513066,1
2023-07-06,151.11861535409125,10
2023-07-07,137.26472680161626,8
2023-07-08,151.79322943968796,39
2023-07-09,135.53389979368077,23
2023-07-10,137.2697126631724,0
2023-07-11,120.04188585944651,5
2023-07-12,142.10004084868896,46
2023-07-13,126.17492325717897,10
2023-07-14,122.07613412818341,24
2023-07-15,119.02612465875715,0
2023-07-16,107.4069478349596,9
2023-07-17,108.78037259865806,3
2023-07-18,99.94342051608079,5
2023-07-19,107.32089909224625,8
2023-07-20,104.62731220011119,7
2023-07-21,95.81123765799369,1
2023-07-22,109.38263023692072,9
2023-07-23,96.54146707955657,13
2023-07-24,94.71410019148034,7
2023-07-25,118.94589222992431,47
2023-07-26,114.90667803499393,9
2023-07-27,125.80741158885617,10
2023-07-28,120.3561024603466,2
2023-07-29,132.97233925349437,0
2023-07-30,124.99225235842312,35
2023-07-31,132.83061378218082,0
2023-08-01,153.78110774265016,7
2023-08-02,138.61090320860967,3
2023-08-03,148.06139802842958,44
2023-08-04,143.25163193266658,7
2023-08-05,140.3583315247424,3
2023-08-06,165.4701522407647,8
2023-08-07,148.25811347571997,8
2023-08-08,138.32274955143382,8
2023-08-09,148.17594982540209,5
2023-08-10,147.03152296579594,36
2023-08-11,118.78884217860723,1
2023-08-12,120.8778734564225,9
2023-08-13,130.56733100208257,2
2023-08-14,115.11833349934972,0
2023-08-15,162.60334512190596,4
2023-08-16,112.0912460920304,45
2023-08-17,98.81409718763832,2
2023-08-18,99.98212275516504,6
2023-08-19,87.29883439463902,3
2023-08-20,110.57864519970846,8
2023-08-21,93.46265403567828,0
2023-08-22,102.25349265967242,9
2023-08-23,117.74561270797652,10
2023-08-24,116.47946701621436,4
2023-08-25,107.32672650696081,9
2023-08-26,123.90569776993215,8
2023-08-27,122.15876842370604,5
2023-08-28,136.06227269453512,1
2023-08-29,128.31806390022183,8
2023-08-30,137.50375404106381,1
2023-08-31,147.6738237922286,2
2023-09-01,137.96779483094815,3
2023-09-02,157.28482410830222,5
2023-09-03,162.79483640909342,4
2023-09-04,155.5366835366096,0
2023-09-05,141.89164570969592,1
2023-09-06,139.59812645678477,6
2023-09-07,137.2107957627072,1
2023-09-08,141.4404223525116,6
2023-09-09,123.36613951844741,1
2023-09-10,133.35545179331598,7
2023-09-11,122.60196854527078,2
2023-09-12,121.44549970264092,2
2023-09-13,114.2073727296626,8
2023-09-14,117.10076815073772,5
2023-09-15,104.06033669630727,4
2023-09-16,90.21386121634643,10
2023-09-17,104.90381028570901,8
2023-09-18,101.23968733959794,9
2023-09-19,107.61885459786383,10
2023-09-20,106.27813865721822,10
2023-09-21,108.78346312986069,3
2023-09-22,99.2590120129107,10
2023-09-23,111.71193997121041,2
2023-09-24,99.13364474784636,0
2023-09-25,121.21812373888464,4
2023-09-26,141.99672237659868,37
2023-09-27,132.18361024722947,4
2023-09-28,130.9349309533996,0
2023-09-29,136.51496562768924,4
2023-09-30,156.26002866334935,7
2023-10-01,157.87903573576037,0
2023-10-02,143.22276016584055,8
2023-10-03,151.2540318994911,0
2023-10-04,151.65927242279722,10
2023-10-05,149.52764560926673,6
2023-10-06,150.93183351924006,4
2023-10-07,137.71264627215828,8
2023-10-08,143.20939720550712,2
2023-10-09,138.9283451028432,5
2023-10-10,125.03370351523277,0
2023-10-11,122.66466539170277,6
2023-10-12,119.91550470691462,3
2023-10-13,97.00376075516944,3
2023-10-14,120.07621731389094,50
2023-10-15,102.95215246785321,3
2023-10-16,102.9997021431715,2
2023-10-17,101.84937780437915,7
2023-10-18,94.24175195505268,1
2023-10-19,102.87460977722826,6
2023-10-20,100.20675535709388,10
2023-10-21,107.09404766627699,2
2023-10-22,116.22013363287964,4
2023-10-23,118.26787290370463,9
2023-10-24,103.30603025732022,7
2023-10-25,134.9725176724555,9
2023-10-26,118.2451747770651,44
2023-10-27,137.4363892594091,5
2023-10-28,130.87795428707926,25
2023-10-29,146.03466098602627,5
2023-10-30,136.03859484349485,3
2023-10-31,134.54373756777204,1
2023-11-01,252.6961051464487,1
2023-11-02,151.0384034212638,9
2023-11-03,150.5218149642644,3
2023-11-04,149.26708681060754,7
2023-11-05,138.53441846934737,10
2023-11-06,145.299322748373,8
2023-11-07,149.78889947185513,2
2023-11-08,130.51382533388232,0
2023-11-09,131.64664336313834,1
2023-11-10,123.96624043495606,10
2023-11-11,182.77461575265153,5
2023-11-12,116.93434135028026,51
2023-11-13,107.83351875051052,5
2023-11-14,114.24338322003034,3
2023-11-15,108.46372775902233,10
2023-11-16,94.84450809384496,0
2023-11-17,106.05799356912432,4
2023-11-18,97.70622979019306,10
2023-11-19,108.17356224917026,50
2023-11-20,97.78290550978403,1
2023-11-21,111.94690133174568,7
2023-11-22,108.95967050162655,5
2023-11-23,125.26795006224087,38
2023-11-24,115.48942153015724,3
2023-11-25,118.37659174369816,6
2023-11-26,123.61736185675012,7
2023-11-27,132.02146900964874,7
2023-11-28,139.778029881497,1
2023-11-29,153.4352172224337,9
2023-11-30,154.8313773379393,2
2023-12-01,139.7542691779581,8
2023-12-02,150.9701912316998,1
2023-12-03,152.57332492421122,0
2023-12-04,146.79671935018567,9
2023-12-05,150.9758210258042,10
2023-12-06,149.39634213604538,8
2023-12-07,146.3766875725223,8
2023-12-08,142.64643660313763,39
2023-12-09,131.2805336209124,5
2023-12-10,133.38289445347357,0
2023-12-11,115.24861447602663,37
2023-12-12,109.86722160081405,44
2023-12-13,99.46037490292866,7
2023-12-14,88.41337633034446,1
2023-12-15,93.5841798424548,0
2023-12-16,100.76245841394065,20
2023-12-17,99.9400339635012,4
2023-12-18,85.9776789875827,7
2023-12-19,98.7710241082032,2
2023-12-20,107.1561075974858,3
2023-12-21,104.90537978295154,3
2023-12-22,111.12143708144878,48
2023-12-23,114.72784494349713,7
2023-12-24,113.7627424838088,58
2023-12-25,193.15069774111544,0
2023-12-26,209.7083813680396,10
2023-12-27,123.90495912016294,6
2023-12-28,133.38007728948153,4
2023-12-29,140.90475641662155,7
2023-12-30,148.08192779229537,1
2023-12-31,148.64690732334176,1
